,Training,Noise,Training Error,Testing Error,Time Count,Weight,Bias,Objective Function
0,80,0,0.0125,0.0,0.0007570000000001187,[[ 2.18113104 -2.23395864]],-4.767553076313062,4.873951902533532
0,80,0,0.0125,0.0,0.0005630000000005353,[[ 2.22264429 -2.22075668]],-5.006802166164893,4.935953922562048
0,80,0,0.0125,0.0,0.00047599999999992093,[[ 2.22224656 -2.22212518]],-5.00041879739035,4.938110054970846
0,80,0,0.0125,0.0,0.0004970000000001917,[[ 2.22178672 -2.22179185]],-4.999075591136773,4.936347633726255
0,80,0,0.0125,0.0,0.0004979999999994433,[[ 2.22266464 -2.22267235]],-5.000974033225349,4.940255240208547
0,80,0,0.0125,0.0,0.0005270000000008324,[[ 2.22274166 -2.22158307]],-5.004732007936318,4.938005908162387
0,80,0,0.0,0.05,0.0004019999999993473,[[ 2.22720466 -2.24959915]],-4.9417851974386195,5.01056846893035
0,80,0,0.0125,0.0,0.0004229999999996181,[[ 2.22222482 -2.2221028 ]],-5.000417575626737,4.938011999292947
0,80,0,0.0125,0.0,0.0003860000000006636,[[ 2.00000536 -1.99999082]],-4.6000565683352574,3.999992370661936
0,80,0,0.0,0.1,0.0003809999999999647,[[ 2.2 -2.5]],-4.030006408691406,5.545
0,80,0,0.0125,0.0,0.0004240000000006461,[[ 1.99883531 -1.99990712]],-4.593908402661154,3.997485545377459
0,80,0,0.0125,0.0,0.00038499999999963563,[[ 2.35341262 -1.95982321]],-6.456675835744208,4.689729002098292
0,80,0,0.0125,0.0,0.00036799999999992394,[[ 2.22228487 -2.22170381]],-5.001822699266725,4.937258923233916
0,80,0,0.0125,0.0,0.0003700000000002035,[[ 2.2217839  -2.21782008]],-5.011597553836878,4.927524804453263
0,80,0,0.0,0.05,0.0003909999999995861,[[ 2.25660518 -2.10188719]],-5.541520184455425,4.755098349807371
0,80,0,0.0125,0.05,0.00044199999999960937,[[ 1.96820466 -2.29479411]],-3.5632875866159317,4.569954797188981
0,80,0,0.0,0.1,0.00047499999999978115,[[ 2.10475784 -2.45712355]],-3.6606748577212307,5.233730853522257
0,80,0,0.0125,0.0,0.00045399999999951035,[[ 2.29180777 -1.90983067]],-6.309387878472187,4.449918032811545
0,80,0,0.0,0.05,0.00041500000000027626,[[ 2.22214827 -2.22221316]],-4.999632255256939,4.938087122643706
0,80,0,0.0125,0.0,0.00038399999999949586,[[ 1.99999388 -2.00000612]],-4.599953402706417,4.000000000037441
0,80,5,0.075,0.0,0.00047099999999922204,[[ 1.5 -2. ]],-1.999999046325681,3.124999999999998
0,80,5,0.0625,0.0,0.00047099999999922204,[[ 1.81838162 -1.81764896]],-4.2753572017468136,3.3051797343865945
0,80,5,0.0125,0.2,0.0004350000000004073,[[ 2.22224656 -2.22212518]],-5.00041879739035,4.938110054970846
0,80,5,0.025,0.15,0.00043300000000012773,[[ 2.22196879 -2.22271406]],-4.996954297100084,4.938801545350722
0,80,5,0.0625,0.0,0.0006800000000000139,[[ 1.8178889  -1.81790272]],-4.272027500754634,3.3047451791830165
0,80,5,0.0625,0.0,0.0004289999999995686,[[ 1.81812251 -1.81812974]],-4.272570160630709,3.305582601407937
0,80,5,0.0375,0.1,0.0004660000000002995,[[ 2.22227919 -2.22273237]],-4.998648300858507,4.939531981494483
0,80,5,0.0375,0.1,0.0004879999999998219,[[ 2.20000214 -2.19999786]],-4.9400189181520116,4.840000000004568
0,80,5,0.05,0.05,0.000452000000000119,[[ 1.79672096 -1.83606515]],-4.100327189133379,3.299670708475345
0,80,5,0.05,0.05,0.00041600000000041604,[[ 1.81798889 -1.81868888]],-4.269985344502771,3.3063564149044558
0,80,5,0.0375,0.1,0.00043600000000054706,[[ 1.9 -1.7]],-5.0200023651123065,3.250000000000015
0,80,5,0.05,0.05,0.0005369999999995656,[[ 2.0003327  -1.49941232]],-6.153563739035749,3.124784099889708
0,80,5,0.0625,0.05,0.00044100000000035777,[[ 1.9 -2.1]],-3.67000198364257,4.009999999999991
0,80,5,0.05,0.05,0.0004199999999991988,[[ 2.0448327 -1.5904273]],-6.043615320370826,3.3553998734677446
0,80,5,0.05,0.1,0.0004550000000005383,[[ 1.5867734  -1.90410863]],-2.7133331900303967,3.071739745826851
0,80,5,0.0625,0.05,0.000460000000000349,[[ 1.64000753 -2.2949844 ]],-1.9217499992777902,3.9782890585203736
0,80,5,0.05,0.1,0.000560000000000116,[[ 1.38459066 -2.00031122]],-1.2911893515658868,2.9591681302015624
0,80,5,0.05,0.05,0.0004229999999996181,[[ 1.99729728 -1.59964573]],-5.787640628453523,3.274031448473774
0,80,5,0.05,0.05,0.00044800000000044804,[[ 1.99930435 -1.99995118]],-4.596317328866523,3.998511289438639
0,80,5,0.05,0.05,0.0004739999999996414,[[ 1.66598585 -1.99917273]],-2.8988482154010184,3.386100243190307
0,80,10,0.1375,0.0,0.00046400000000001995,[[ 1.30336613 -1.68538581]],-1.7865163141285438,2.2696443119886887
0,80,10,0.1375,0.0,0.0004129999999999967,[[ 1.4 -1.7]],-2.3450031280517516,2.4249999999999843
0,80,10,0.075,0.2,0.000440000000000218,[[ 2.00018237 -1.99925719]],-4.403174286828079,3.9988794185932504
0,80,10,0.075,0.15,0.000452000000000119,[[ 1.37983358 -2.06821085]],-1.0738674537642792,3.090718414222365
0,80,10,0.1125,0.05,0.0005000000000006111,[[ 1.35171892 -1.62068757]],-2.3834351045079005,2.22688611668155
0,80,10,0.1125,0.1,0.0004569999999999297,[[ 1.66685031 -1.66656103]],-4.001356342421368,2.7779078155062824
0,80,10,0.1,0.15,0.0004979999999994433,[[ 1.60036426 -1.99969888]],-2.52299481547246,3.279980693985514
0,80,10,0.1,0.1,0.0005340000000000344,[[ 1.66666932 -1.6666544 ]],-3.833389061068788,2.7777617611261043
0,80,10,0.1125,0.1,0.0004669999999995511,[[ 1.38875858 -1.94616035]],-1.4669923982251785,2.858095244175355
0,80,10,0.1,0.15,0.0004669999999995511,[[ 1.40494213 -1.56198178]],-2.901024403977786,2.2068247452752434
0,80,10,0.0875,0.15,0.0005170000000003228,[[ 2.05881877 -1.47064491]],-6.352744810021817,3.200765598486881
0,80,10,0.125,0.05,0.000452000000000119,[[ 1.53832976 -1.53862159]],-3.76808008026363,2.3669074352119317
0,80,10,0.1125,0.05,0.0004409999999994696,[[ 1.81767504 -1.45548217]],-5.357783997480016,2.711185460136664
0,80,10,0.1,0.1,0.0004780000000002005,[[ 1.53829788 -1.53844802]],-3.6145559277985293,2.3665913493102444
0,80,10,0.1125,0.1,0.000514999999999155,[[ 1.53823625 -1.5388368 ]],-3.766844923075291,2.3670947387191488
0,80,10,0.1125,0.1,0.00044300000000063733,[[ 1.53815272 -1.5391516 ]],-3.765354849899558,2.3674507175574284
0,80,10,0.1,0.15,0.0005030000000001422,[[ 1.30356889 -1.73902462]],-1.6047930082711865,2.3617492341078155
0,80,10,0.1,0.1,0.0004170000000005558,[[ 1.87999956 -1.55999911]],-5.315999575805049,2.98399778747779
0,80,10,0.125,0.05,0.0004620000000006286,[[ 1.51216766 -1.77703473]],-2.6436607252197537,2.7222517369006827
0,80,10,0.1,0.1,0.00043199999999998795,[[ 1.59270376 -1.77020917]],-3.157167025086592,2.835172884576166
0,80,15,0.1875,0.0,0.0004830000000000112,[[ 1.46987988 -1.17647875]],-4.14332134136954,1.77232456270878
0,80,15,0.1875,0.05,0.0004999999999997229,[[ 1.42839472 -1.4283773 ]],-3.4282649632433615,2.040286594825057
0,80,15,0.1375,0.25,0.00045800000000006946,[[ 1.50515582 -1.61340259]],-3.040215523141696,2.4342809766889903
0,80,15,0.1375,0.2,0.0004469999999994201,[[ 1.09077252 -2.00040229]],0.14732670476987078,2.5956970110906243
0,80,15,0.175,0.05,0.000460000000000349,[[ 1.21970984 -1.46203988]],-2.1270843376435526,1.8126263531666083
0,80,15,0.15,0.1,0.0004149999999993881,[[ 1.50560936 -1.7192017 ]],-2.8119647357735587,2.6112570235201997
0,80,15,0.1625,0.15,0.000440000000000218,[[ 1.38437685 -1.53904736]],-2.8737126018189887,2.142583024222525
0,80,15,0.15,0.15,0.0004229999999996181,[[ 1.53896633 -1.53801991]],-3.4656831821564333,2.366961291280571
0,80,15,0.15,0.15,0.00039999999999995595,[[ 1.42856114 -1.42850532]],-3.143003594455967,2.0407071879097023
0,80,15,0.1625,0.15,0.00040400000000051506,[[ 1.19488224 -1.49232096]],-1.9901066824669773,1.8273827047249527
0,80,15,0.1375,0.2,0.00040599999999990644,[[ 1.94560098 -1.40079662]],-5.926406570761317,2.873797185920968
0,80,15,0.15,0.15,0.00042000000000008697,[[ 1.60959906 -1.37841154]],-4.591422835985129,2.245413751884671
0,80,15,0.1625,0.1,0.00042199999999947835,[[ 1.53722446 -1.5404181 ]],-3.4486903345351823,2.3679734889939645
0,80,15,0.15,0.15,0.001174999999999926,[[ 1.42797375 -1.42797702]],-3.2841937225131432,2.039113700921207
0,80,15,0.1625,0.25,0.00042700000000017724,[[ 1.11076335 -1.77723534]],-0.7331658031324362,2.1961803368609356
0,80,15,0.175,0.1,0.0004760000000008091,[[ 1.30219495 -1.41897998]],-2.828340044676996,1.8546079358196792
0,80,15,0.1375,0.25,0.0005139999999999034,[[ 1.18799747 -1.68399964]],-1.2143822176746686,2.123596385494174
0,80,15,0.1625,0.1,0.00044799999999955986,[[ 1.53777155 -1.36790688]],-4.174535942858814,2.117955286526919
0,80,15,0.175,0.05,0.0004629999999998802,[[ 1.5364698  -1.23090125]],-4.4967151546954485,1.9379286681993002
0,80,15,0.175,0.1,0.00047900000000034026,[[ 1.11862562 -1.5390375 ]],-1.3324391545733103,1.8099798602479922
0,80,20,0.225,0.1,0.0005130000000006518,[[ 1.36925587 -1.09593176]],-3.928187741523049,1.5379640283230784
0,80,20,0.2375,0.1,0.00048099999999973164,[[ 1.36692376 -1.4453871 ]],-3.049149810360494,1.9788122146444111
0,80,20,0.175,0.3,0.0004450000000000287,[[ 1.7156543 -1.3333354]],-4.911915985120436,2.360626486360659
0,80,20,0.1625,0.3,0.0004710000000001102,[[ 1.12856887 -1.72856887]],-0.8785639504501245,2.1308090181042916
0,80,20,0.225,0.1,0.0005079999999999529,[[ 1.24975811 -1.25067864]],-2.8717272769275985,1.563046205003588
0,80,20,0.1875,0.2,0.0004900000000001015,[[ 1.39576383 -1.62982038]],-2.4151836535330884,2.3022355723951824
0,80,20,0.1875,0.25,0.0007279999999996178,[[ 1.33359011 -1.33319635]],-3.135144194126286,1.7779375420746488
0,80,20,0.2125,0.15,0.0005519999999998859,[[ 1.33167395 -1.33298802]],-2.9926966069390306,1.7751062889669749
0,80,20,0.2125,0.15,0.0004679999999996909,[[ 1.2123277  -1.33290036]],-2.3963215388392336,1.6231809117759222
0,80,20,0.2125,0.2,0.0004819999999998714,[[ 1.00091205 -1.49833745]],-0.9091975622265743,1.623420021957393
0,80,20,0.175,0.3,0.0005579999999998364,[[ 1.4750255  -1.14772632]],-4.357934746629543,1.7464879668420505
0,80,20,0.2125,0.15,0.000536000000000314,[[ 1.33324263 -1.33322997]],-3.1331448179403054,1.77751903173984
0,80,20,0.2125,0.1,0.0004739999999996414,[[ 1.11165257 -1.66747016]],-0.7227604415488843,2.0081140887886297
0,80,20,0.2,0.2,0.0009129999999997196,[[ 1.24996853 -1.25033732]],-2.8737774631581745,1.5628823721212028
0,80,20,0.2,0.25,0.000528000000000084,[[ 1.09053105 -1.45407955]],-1.5084552521152803,1.65180265229714
0,80,20,0.225,0.2,0.0005079999999999529,[[ 1.03129887 -1.44380554]],-1.3509241412859883,1.574075899771624
0,80,20,0.1875,0.3,0.0006279999999998509,[[ 1.05290931 -1.57846234]],-0.8976414990023386,1.8000806909860454
0,80,20,0.2125,0.15,0.000512000000000512,[[ 1.32000098 -1.34000195]],-3.04199704689729,1.7690039001192663
0,80,20,0.2125,0.15,0.0005119999999996239,[[ 1.32226341 -1.15699849]],-3.512197123507845,1.5435130108487116
0,80,20,0.2375,0.1,0.000528000000000084,[[ 1.13018937 -1.2875789 ]],-2.110101626257904,1.4675937255105413
0,80,25,0.2625,0.15,0.0005459999999999354,[[ 1.84689679 -0.71823663]],-7.659362526160614,1.9634458034580047
0,80,25,0.2875,0.2,0.0004870000000005703,[[ 1.04076236 -1.25049726]],-2.0346965541439155,1.3234648475429016
0,80,25,0.2375,0.3,0.0005060000000005616,[[ 1.44508582 -1.22277079]],-3.8571033151184864,1.791720708924509
0,80,25,0.225,0.35,0.0006830000000004333,[[ 1.07165491 -1.42847956]],-1.5015657135823501,1.594499052955761
0,80,25,0.2875,0.1,0.0005189999999997141,[[ 1.25042286 -1.08369125]],-3.3593852646431905,1.3689720284887694
0,80,25,0.2125,0.4,0.0005000000000006111,[[ 1.33328835 -1.33304971]],-3.000624980333346,1.7773396691211985
0,80,25,0.225,0.35,0.0005309999999996151,[[ 1.20154143 -1.28769612]],-2.6209357787942933,1.5509315533665413
0,80,25,0.275,0.15,0.0005870000000003373,[[ 1.25853046 -0.97802955]],-3.7014931670658116,1.2702203594431816
0,80,25,0.2625,0.25,0.0005290000000002237,[[ 1.11192571 -1.26973838]],-2.0204369495410064,1.4243071750008314
0,80,25,0.2625,0.25,0.0005449999999997956,[[ 0.90940145 -1.36353923]],-0.865682596730814,1.3431251184247741
0,80,25,0.2375,0.3,0.00046500000000015973,[[ 1.39888553 -1.00043689]],-4.332868633486909,1.4788773565418085
0,80,25,0.2625,0.2,0.0004900000000001015,[[ 1.18781774 -1.3857845 ]],-2.2073663355365367,1.6656548352690252
0,80,25,0.25,0.2,0.0005139999999999034,[[ 0.90148106 -1.65427481]],0.29774539238955994,1.7746466242561227
0,80,25,0.2625,0.2,0.0005550000000003052,[[ 1.17660253 -1.17632715]],-2.765791898797727,1.384069534318277
0,80,25,0.275,0.25,0.0005629999999996471,[[ 0.99209175 -1.41866391]],-1.1228006920870637,1.4984266656608358
0,80,25,0.2875,0.25,0.0007900000000002905,[[ 0.90909493 -1.15633708]],-1.6469015250229193,1.0817845193494247
0,80,25,0.225,0.3,0.0005119999999996239,[[ 0.99956856 -1.50148699]],-0.893539933526154,1.626800238589893
0,80,25,0.275,0.2,0.0005649999999999267,[[ 1.13623755 -1.3637637 ]],-1.9762014861156163,1.5754435974134193
0,80,25,0.275,0.15,0.0012520000000000309,[[ 1.17646444 -1.17681859]],-2.763553791834759,1.3844852755765737
0,80,25,0.275,0.2,0.0005270000000008324,[[ 1.04364043 -1.21713024]],-1.8364522261481369,1.285295681277933
0,80,30,0.275,0.35,0.000568000000000346,[[ 1.81815482 -0.60690714]],-7.906474584773338,1.8370116127772345
0,80,30,0.3375,0.25,0.0004919999999994928,[[ 0.95121291 -1.23901614]],-1.5609688488440496,1.2199835055310198
0,80,30,0.275,0.4,0.0005290000000002237,[[ 1.23043704 -1.07663397]],-3.2761257722009205,1.3365580066204714
0,80,30,0.2625,0.4,0.0005609999999993676,[[ 1.03057046 -1.44341552]],-1.203844085001487,1.572761914431381
0,80,30,0.35,0.15,0.0005769999999998277,[[ 1.14240221 -0.85677494]],-3.570291367312559,1.0195730506969212
0,80,30,0.25,0.5,0.0004819999999998714,[[ 1.25025358 -1.25021736]],-2.8757325230248325,1.5630887320202143
0,80,30,0.3,0.35,0.0005050000000004218,[[ 1.26751432 -1.00955327]],-3.9050851403335853,1.3128951737936627
0,80,30,0.3375,0.15,0.0006759999999994548,[[ 1.05248544 -1.05275098]],-2.3672245403718537,1.1080051097954169
0,80,30,0.2875,0.3,0.0006170000000000897,[[ 0.952358   -1.33334802]],-0.923650801483415,1.3424013575415055
0,80,30,0.325,0.25,0.0005840000000008061,[[ 0.86965914 -0.87037725]],-2.3026074218808033,0.7569317898492947
0,80,30,0.275,0.4,0.0004830000000000112,[[ 1.36326924 -0.90882764]],-4.45349908638474,1.342235357133251
0,80,30,0.3125,0.2,0.0006319999999995218,[[ 1.17589176 -0.94071434]],-3.5160826829511307,1.1338324533457336
0,80,30,0.3125,0.25,0.0005960000000007071,[[ 0.68960039 -1.3792018 ]],0.7241263900612482,1.188873144349097
0,80,30,0.3,0.3,0.0005579999999998364,[[ 1.11117596 -1.11053148]],-2.5578147589175364,1.2339960911666101
0,80,30,0.325,0.35,0.0006270000000005993,[[ 0.89089882 -1.37685006]],-0.7006250759301964,1.344708399201253
0,80,30,0.35,0.3,0.0005540000000001655,[[ 0.89563715 -1.04367923]],-1.8847737084291996,0.9457161227300583
0,80,30,0.2875,0.25,0.0005389999999998452,[[ 0.9263327  -1.48068495]],-0.5414156099715407,1.5252600922235573
0,80,30,0.3125,0.25,0.0005569999999996966,[[ 1.12885865 -0.96794339]],-3.1757058588342097,1.105618124724837
0,80,30,0.35,0.15,0.0006849999999998246,[[ 0.96204326 -1.15439776]],-1.6358068580921106,1.1290807203588487
0,80,30,0.3,0.25,0.0005410000000001247,[[ 0.90818925 -1.2131307 ]],-1.022043356992143,1.148246904111025
0,70,0,0.014285714285714285,0.03333333333333333,0.00037799999999954537,[[ 1.97130026 -2.25289782]],-3.6752108057789834,4.480786643014121
0,70,0,0.014285714285714285,0.0,0.00042000000000008697,[[ 2.22182508 -2.2221916 ]],-4.9979064372724835,4.937321112967337
0,70,0,0.014285714285714285,0.0,0.00042199999999947835,[[ 2.22273385 -2.22043506]],-5.008216560384226,4.935438827207191
0,70,0,0.014285714285714285,0.03333333333333333,0.0004249999999998977,[[ 1.90172353 -2.22931008]],-3.374828626566031,4.293187906463044
0,70,0,0.014285714285714285,0.03333333333333333,0.0005009999999998627,[[ 2.04000726 -2.44887806]],-3.3224458183871284,5.0793166903625
0,70,0,0.014285714285714285,0.0,0.0004349999999995191,[[ 2.2 -2.2]],-4.960005760192875,4.840000000000007
0,70,0,0.0,0.03333333333333333,0.0005769999999998277,[[ 2.22295818 -2.22235938]],-5.003446332977059,4.9402121466627325
0,70,0,0.014285714285714285,0.0,0.0004559999999997899,[[ 2.14999757 -2.15000243]],-4.869985974119677,4.6225000000058865
0,70,0,0.014285714285714285,0.0,0.00041500000000027626,[[ 1.81818168 -2.04510446]],-3.5920516754379364,3.7441184347369334
0,70,0,0.0,0.03333333333333333,0.0003799999999998249,[[ 2.22291448 -2.22291996]],-5.001388227066114,4.9413609661110165
0,70,0,0.02857142857142857,0.0,0.0004909999999993531,[[ 1.7775787 -2.5189623]],-1.8272052099409277,4.752478557788884
0,70,0,0.014285714285714285,0.0,0.0005449999999997956,[[ 2.18191591 -1.81809134]],-6.055374155166316,4.0331065754767135
0,70,0,0.014285714285714285,0.0,0.00041699999999966764,[[ 2.22335282 -2.2182864 ]],-5.017573023798924,4.932046159402962
0,70,0,0.014285714285714285,0.0,0.0004609999999996006,[[ 2.  -1.6]],-5.800002098083498,3.2799999999999914
0,70,0,0.0,0.03333333333333333,0.0006519999999996529,[[ 2.25660509 -2.10188717]],-5.5415198217377615,4.75509811389338
0,70,0,0.014285714285714285,0.03333333333333333,0.000516000000000183,[[ 1.90435522 -2.22173742]],-3.4119283035316452,4.281342982833977
0,70,0,0.0,0.06666666666666667,0.0004509999999999792,[[ 1.70401782 -2.27198663]],-2.237746199103966,4.032800000248184
0,70,0,0.014285714285714285,0.0,0.00044100000000035777,[[ 2.1545596  -1.84545987]],-5.805967564563588,4.023924611440499
0,70,0,0.0,0.03333333333333333,0.0004020000000002355,[[ 1.9999979 -2.0000021]],-4.5999812670346145,4.000000000004402
0,70,0,0.0,0.03333333333333333,0.00037300000000062283,[[ 2.19999391 -2.20000609]],-4.959951840643274,4.8400000000371515
0,70,5,0.07142857142857142,0.0,0.00044300000000063733,[[ 1.81726202 -1.81976902]],-4.263004041130761,3.3070002609487856
0,70,5,0.08571428571428572,0.0,0.001006999999999536,[[ 1.49376783 -1.79115096]],-2.499484481740312,2.719782043824053
0,70,5,0.014285714285714285,0.13333333333333333,0.0008539999999994663,[[ 2.22273385 -2.22043506]],-5.008216560384226,4.935438827207191
0,70,5,0.02857142857142857,0.13333333333333333,0.0006979999999998654,[[ 1.79999695 -2.40000229]],-2.1999771118280123,4.500000000007284
0,70,5,0.05714285714285714,0.03333333333333333,0.000588000000000477,[[ 1.81850834 -1.81762648]],-4.276427857768018,3.3053692893578352
0,70,5,0.05714285714285714,0.03333333333333333,0.0007120000000000459,[[ 1.75088311 -1.99998994]],-3.379837536897529,3.5327757283833376
0,70,5,0.04285714285714286,0.06666666666666667,0.0006479999999999819,[[ 1.7652656  -2.05947373]],-3.2362280498137985,3.678797341866863
0,70,5,0.04285714285714286,0.06666666666666667,0.0004610000000004888,[[ 2.17412143 -1.863525  ]],-5.845211146805833,4.099764705899242
0,70,5,0.04285714285714286,0.06666666666666667,0.0004220000000003665,[[ 1.77756272 -2.00099288]],-3.528994117694685,3.5818508643024547
0,70,5,0.02857142857142857,0.1,0.0004390000000000782,[[ 2.22213657 -2.22170853]],-5.001047403936421,4.936939879014415
0,70,5,0.04285714285714286,0.06666666666666667,0.0004900000000001015,[[ 1.8999901 -1.9000099]],-4.419911863600495,3.610000000098075
0,70,5,0.04285714285714286,0.06666666666666667,0.0005470000000000752,[[ 1.81853277 -1.81757837]],-4.276248860159329,3.3053262829812677
0,70,5,0.05714285714285714,0.03333333333333333,0.0009259999999997603,[[ 2.00000422 -2.00000121]],-4.400019977377542,4.000010859696439
0,70,5,0.05714285714285714,0.03333333333333333,0.0006189999999994811,[[ 1.84393087 -1.57919267]],-5.061579353391031,2.9469652758775684
0,70,5,0.04285714285714286,0.06666666666666667,0.000396000000000285,[[ 1.81897366 -1.81897748]],-4.274430805488197,3.308672123565656
0,70,5,0.05714285714285714,0.03333333333333333,0.00044700000000030826,[[ 1.8177241  -1.81858079]],-4.2690240021533645,3.305678495150148
0,70,5,0.05714285714285714,0.06666666666666667,0.0005980000000000985,[[ 1.31572128 -2.10529852]],-0.6837082927183125,3.0817021672004623
0,70,5,0.04285714285714286,0.06666666666666667,0.00039499999999925706,[[ 2.14288201 -1.42875321]],-7.0709884920704145,3.3166395342133566
0,70,5,0.05714285714285714,0.03333333333333333,0.0006190000000003693,[[ 1.8 -1.6]],-4.840002059936516,2.9000000000000172
0,70,5,0.04285714285714286,0.06666666666666667,0.0005020000000000024,[[ 1.81898808 -1.81831585]],-4.27671318646948,3.3074950680110797
0,70,10,0.14285714285714285,0.0,0.0005209999999999937,[[ 1.65043673 -1.44336263]],-4.365663457250618,2.403618551030874
0,70,10,0.14285714285714285,0.03333333333333333,0.00063200000000041,[[ 1.30360249 -1.73977387]],-1.6024572421537375,2.36309629761066
0,70,10,0.08571428571428572,0.13333333333333333,0.0004569999999999297,[[ 1.71667028 -1.61667028]],-4.096676041675057,2.7802898341588973
0,70,10,0.1,0.13333333333333333,0.00045900000000020924,[[ 1.32309064 -1.98460624]],-1.0662445612208917,2.844615384751216
0,70,10,0.1,0.13333333333333333,0.000556000000000445,[[ 1.4 -1.7]],-2.3600006103515674,2.4250000000000096
0,70,10,0.1,0.1,0.000496000000000052,[[ 1.61061767 -1.84070954]],-3.0725464533088953,2.9911504424807376
0,70,10,0.08571428571428572,0.16666666666666666,0.0005489999999994666,[[ 1.53870926 -1.53848732]],-3.770501989233099,2.3672847111152686
0,70,10,0.11428571428571428,0.06666666666666667,0.00046500000000015973,[[ 1.79583729 -1.53845817]],-4.9024623399643845,2.795942548394927
0,70,10,0.11428571428571428,0.1,0.0006149999999998101,[[ 1.5 -1.9]],-2.229999542236331,2.9300000000000015
0,70,10,0.08571428571428572,0.13333333333333333,0.0004189999999999472,[[ 1.62188539 -1.80183245]],-3.1995361418388923,2.9385562002672505
0,70,10,0.11428571428571428,0.1,0.000496000000000052,[[ 1.4141165  -1.68352842]],-2.346583754507378,2.416996709590217
0,70,10,0.08571428571428572,0.16666666666666666,0.0004730000000003898,[[ 1.53899129 -1.53900646]],-3.7706038026510136,2.368517534863315
0,70,10,0.11428571428571428,0.06666666666666667,0.0004779999999993123,[[ 1.75038149 -1.499237  ]],-4.753940021143429,2.655773482150636
0,70,10,0.1,0.1,0.0011630000000000251,[[ 1.53799526 -1.53842654]],-3.6130145956278,2.366092823159094
0,70,10,0.1,0.1,0.00047599999999992093,[[ 1.66665356 -1.66657576]],-4.000178705858484,2.7776044366323913
0,70,10,0.11428571428571428,0.06666666666666667,0.00045399999999951035,[[ 1.53828161 -1.5384146 ]],-3.6145528468409216,2.366514901959593
0,70,10,0.11428571428571428,0.1,0.0006270000000005993,[[ 1.21156925 -1.81730938]],-0.9391139010230631,2.3852567141344676
0,70,10,0.08571428571428572,0.13333333333333333,0.00044800000000044804,[[ 2.06810149 -1.37872417]],-6.790511382301908,3.088962065949765
0,70,10,0.11428571428571428,0.1,0.0005229999999993851,[[ 1.47331525 -1.68379524]],-2.725530970656527,2.502912128642106
0,70,10,0.1,0.13333333333333333,0.00043600000000054706,[[ 1.73333528 -1.23334114]],-5.6966627864552875,2.262790787144996
0,70,15,0.21428571428571427,0.03333333333333333,0.0005179999999995744,[[ 1.11097226 -1.48130967]],-1.481288503429828,1.7142688468243106
0,70,15,0.18571428571428572,0.1,0.0005090000000000927,[[ 1.21400296 -1.50200042]],-1.9858196975949478,1.8649042249339651
0,70,15,0.15714285714285714,0.16666666666666666,0.0005289999999993356,[[ 1.41600546 -1.5919697 ]],-2.6139230455663407,2.2697194830892355
0,70,15,0.15714285714285714,0.16666666666666666,0.000492000000000381,[[ 1.537825   -1.53783475]],-3.767773508489189,2.3649207140312987
0,70,15,0.17142857142857143,0.13333333333333333,0.0005309999999996151,[[ 1.17998956 -1.45999652]],-1.9019609224474756,1.761982607224522
0,70,15,0.15714285714285714,0.16666666666666666,0.000460000000000349,[[ 1.34946109 -1.71774418]],-1.9559945156620673,2.385845149207473
0,70,15,0.14285714285714285,0.2,0.0008330000000000837,[[ 1.53897303 -1.53895657]],-3.7705320054332985,2.368412658778104
0,70,15,0.17142857142857143,0.1,0.00047599999999992093,[[ 1.35000596 -1.34999404]],-3.0500493323033004,1.822500000035535
0,70,15,0.17142857142857143,0.13333333333333333,0.0004710000000001102,[[ 1.23406428 -1.48222101]],-2.081578778612929,1.8599468864444642
0,70,15,0.15714285714285714,0.2,0.0005330000000007828,[[ 1.13235137 -1.50883322]],-1.6069259585882756,1.7793986601412368
0,70,15,0.17142857142857143,0.13333333333333333,0.0005220000000001335,[[ 1.17636134 -1.47042475]],-1.8528849278991213,1.7729874712712315
0,70,15,0.12857142857142856,0.16666666666666666,0.0004789999999994521,[[ 1.53820585 -1.53870031]],-3.767143820420782,2.366837938607311
0,70,15,0.17142857142857143,0.1,0.0005009999999998627,[[ 1.47641644 -1.34245358]],-3.6433056601226905,1.9909935660138685
0,70,15,0.15714285714285714,0.13333333333333333,0.0005150000000000432,[[ 1.33375204 -1.3327176 ]],-3.137522718966434,1.777515354313961
0,70,15,0.15714285714285714,0.16666666666666666,0.0004939999999997724,[[ 1.34876894 -1.57357023]],-2.596481925366849,2.147650460482443
0,70,15,0.2,0.1,0.0005579999999998364,[[ 1.54877791 -1.23902761]],-4.668521047830984,1.9669512195207366
0,70,15,0.12857142857142856,0.23333333333333334,0.0004820000000007596,[[ 1.20000152 -1.60000649]],-1.5599877645515985,2.0000122047611404
0,70,15,0.15714285714285714,0.16666666666666666,0.000524000000000413,[[ 1.81729605 -1.21152455]],-6.088127783512033,2.385178332735351
0,70,15,0.17142857142857143,0.13333333333333333,0.00047999999999959186,[[ 1.21897479 -1.46402292]],-2.0438925778335624,1.814631316641444
0,70,15,0.17142857142857143,0.1,0.0005309999999996151,[[ 1.49972157 -1.25066923]],-4.321311379287874,1.9066691578266097
0,70,20,0.2571428571428571,0.1,0.0006099999999999994,[[ 1.13161695 -1.38375216]],-1.8903810117498445,1.5976634824288247
0,70,20,0.21428571428571427,0.16666666666666666,0.0004679999999996909,[[ 1.16910924 -1.42791809]],-1.9903161090233479,1.7028832423547846
0,70,20,0.2,0.2,0.0005439999999996559,[[ 1.43064811 -1.25060339]],-3.652359223395779,1.8053814275319322
0,70,20,0.18571428571428572,0.26666666666666666,0.00046800000000057906,[[ 1.35330423 -1.50383823]],-2.833916209201641,2.046480881737981
0,70,20,0.22857142857142856,0.13333333333333333,0.0005709999999998772,[[ 1.24997263 -1.25000797]],-2.874838213671239,1.5624757598174215
0,70,20,0.2,0.23333333333333334,0.0005340000000000344,[[ 1.14992428 -1.60911184]],-1.232853865017583,1.9557833786503003
0,70,20,0.2,0.23333333333333334,0.0004989999999995831,[[ 1.71483083 -1.14230967]],-5.804346991783596,2.1227580777651758
0,70,20,0.22857142857142856,0.13333333333333333,0.0005570000000005848,[[ 1.20645243 -1.3788211 ]],-2.274795112118608,1.6783375409580192
0,70,20,0.21428571428571427,0.16666666666666666,0.0004770000000000607,[[ 1.18812527 -1.38638922]],-2.1676574015836727,1.666858358303677
0,70,20,0.21428571428571427,0.2,0.000534999999999286,[[ 1.05217782 -1.40290884]],-1.4553556988181553,1.537615697303478
0,70,20,0.21428571428571427,0.2,0.00048000000000048004,[[ 1.12718731 -1.40790982]],-1.8205367566384147,1.626380654740218
0,70,20,0.21428571428571427,0.2,0.0005899999999998684,[[ 1.14001157 -1.51999132]],-1.5320888748377173,1.805000000104584
0,70,20,0.21428571428571427,0.13333333333333333,0.0010139999999996263,[[ 1.37856256 -1.47856256]],-2.492120598497179,2.0432909996376742
0,70,20,0.21428571428571427,0.16666666666666666,0.0007099999999997664,[[ 1.17615722 -1.17721791]],-2.7606563182207946,1.3845938983162227
0,70,20,0.24285714285714285,0.2,0.000492000000000381,[[ 0.96714146 -1.6136749 ]],-0.4462896952358251,1.7696546389647256
0,70,20,0.21428571428571427,0.13333333333333333,0.0009689999999995536,[[ 1.40863309 -0.84518925]],-5.310477757905059,1.3492960323659913
0,70,20,0.18571428571428572,0.26666666666666666,0.0005720000000000169,[[ 1.02726434 -1.5363721 ]],-0.9120508547899462,1.7078556360505335
0,70,20,0.2,0.2,0.0007239999999999469,[[ 1.25057185 -1.25057185]],-2.876167401543368,1.5639299465697611
0,70,20,0.2,0.2,0.0005660000000000664,[[ 1.24970953 -1.2497113 ]],-2.874441034246045,1.56177612888229
0,70,20,0.22857142857142856,0.16666666666666666,0.0005209999999999937,[[ 1.36556078 -0.87814428]],-4.919984918891578,1.3179468110045933
0,70,25,0.3142857142857143,0.13333333333333333,0.0010579999999995593,[[ 1.00074114 -1.33334077]],-1.3372196374857277,1.3896402230301297
0,70,25,0.2857142857142857,0.23333333333333334,0.0005329999999998947,[[ 1.03434373 -1.37939159]],-1.4817332078397094,1.4862940545447363
0,70,25,0.2714285714285714,0.23333333333333334,0.0005290000000002237,[[ 1.09077572 -1.27257017]],-1.908803396560544,1.40461325665863
0,70,25,0.2857142857142857,0.26666666666666666,0.0005299999999994753,[[ 0.97079914 -1.16543514]],-2.0080457585436164,1.150345019456959
0,70,25,0.2714285714285714,0.2,0.0006130000000004188,[[ 1.2140184 -1.1076464]],-3.018745092521777,1.350360608218612
0,70,25,0.22857142857142856,0.3333333333333333,0.0005209999999999937,[[ 1.07506906 -1.50535935]],-1.2140519554801321,1.7109401328560958
0,70,25,0.21428571428571427,0.3,0.00047499999999978115,[[ 1.61295801 -0.96758207]],-5.839481232668171,1.7689243034546742
0,70,25,0.2857142857142857,0.16666666666666666,0.000512000000000512,[[ 1.11111039 -1.11111039]],-2.4444483363267926,1.2345663023310243
0,70,25,0.2714285714285714,0.23333333333333334,0.0007379999999992393,[[ 1.10334776 -1.24126415]],-2.2550062498093557,1.3790564765228255
0,70,25,0.3,0.2,0.0008639999999999759,[[ 0.86936366 -1.1959547 ]],-1.2586537839198852,1.093050411669038
0,70,25,0.2714285714285714,0.23333333333333334,0.0005759999999996879,[[ 1.02596088 -1.28241796]],-1.5647770221672654,1.3485957816243157
0,70,25,0.24285714285714285,0.3,0.0005080000000008411,[[ 0.97042519 -1.55267295]],-0.4951039299411056,1.6762591598242214
0,70,25,0.24285714285714285,0.23333333333333334,0.0004780000000002005,[[ 1.15000471 -1.35000471]],-1.735015739832144,1.5725117670102962
0,70,25,0.2857142857142857,0.16666666666666666,0.0005230000000002732,[[ 1.05220823 -1.05220827]],-2.472814892624478,1.1071421989417112
0,70,25,0.3,0.26666666666666666,0.0005179999999995744,[[ 1.00033314 -0.99810106]],-2.707876734988756,0.9984360541634649
0,70,25,0.3142857142857143,0.3,0.0004900000000001015,[[ 1.228855   -0.52539845]],-5.533653731875859,0.8930640783551578
0,70,25,0.22857142857142856,0.3333333333333333,0.0006899999999996353,[[ 0.96695136 -1.61283578]],-0.3830941973186821,1.7681170847056018
0,70,25,0.2714285714285714,0.23333333333333334,0.0016370000000005547,[[ 1.08034744 -1.37225837]],-1.6484841319982624,1.5251218161230908
0,70,25,0.2714285714285714,0.23333333333333334,0.0005259999999998044,[[ 0.93009379 -1.39540924]],-0.7665268216720159,1.4061207094707604
0,70,25,0.2857142857142857,0.26666666666666666,0.0005779999999999674,[[ 1.16877928 -0.80097505]],-4.157360604019496,1.003803024436757
0,70,30,0.3142857142857143,0.3,0.0005150000000000432,[[ 1.00074114 -1.33334077]],-1.3372196374857277,1.3896402230301297
0,70,30,0.34285714285714286,0.23333333333333334,0.0007780000000003895,[[ 1.03466937 -0.80476648]],-3.4373848194328627,0.8590948938861129
0,70,30,0.3,0.3333333333333333,0.0006550000000000722,[[ 1.07130556 -1.25008067]],-1.8562811444483975,1.3551986461471799
0,70,30,0.3142857142857143,0.3333333333333333,0.0006089999999998597,[[ 0.88899329 -1.3311395 ]],-0.9631512954545404,1.281120711958492
0,70,30,0.34285714285714286,0.23333333333333334,0.0005199999999998539,[[ 1.13210672 -0.75418917]],-3.7943459772293573,0.9252334679146599
0,70,30,0.2571428571428571,0.43333333333333335,0.0005430000000004043,[[ 1.12429396 -1.34776917]],-1.9040510010422211,1.5402593262675772
0,70,30,0.2714285714285714,0.36666666666666664,0.0007120000000000459,[[ 1.58709196 -0.63482928]],-6.681719500150681,1.4609345468593706
0,70,30,0.34285714285714286,0.2,0.00048699999999968213,[[ 1.05149426 -1.05284294]],-2.3615458040555413,1.107059214018392
0,70,30,0.3,0.26666666666666666,0.0005069999999998132,[[ 0.97048417 -1.3333412 ]],-1.186170267190924,1.3598191414409577
0,70,30,0.34285714285714286,0.3,0.0005949999999996791,[[ 0.86929187 -1.04441083]],-1.74314349311759,0.9232311650792216
0,70,30,0.3142857142857143,0.3,0.0005269999999999442,[[ 0.85092583 -1.2774494 ]],-0.7413999293918173,1.1779758685990493
0,70,30,0.3142857142857143,0.3,0.0005109999999994841,[[ 0.93045087 -1.39526471]],-0.7688827404929383,1.4062512177501403
0,70,30,0.32857142857142857,0.5,0.00045299999999937057,[[ 0.00313935 -0.00626501]],0.9999628866016597,2.455295289579274e-05
0,70,30,0.32857142857142857,0.23333333333333334,0.0005180000000004625,[[ 1.05277362 -1.05225456]],-2.475586442643235,1.1077859747268244
0,70,30,0.34285714285714286,0.23333333333333334,0.0004879999999998219,[[ 0.96800695 -0.75290107]],-3.3450755801910916,0.7519487364109357
0,70,30,0.32857142857142857,0.3333333333333333,0.0005150000000000432,[[ 1.28724511 -0.2968997 ]],-6.426769891611267,0.8725746975765546
0,70,30,0.2714285714285714,0.4,0.0005369999999995656,[[ 0.95229628 -1.42855726]],-0.8091137272846479,1.4738220273214737
0,70,30,0.3142857142857143,0.26666666666666666,0.0007010000000002847,[[ 1.03140251 -0.82513615]],-3.20746069613246,0.8723204019144907
0,70,30,0.32857142857142857,0.26666666666666666,0.0005200000000007421,[[ 0.69908358 -1.25921897]],0.21956706871725448,1.0371751376885174
0,70,30,0.34285714285714286,0.2,0.0005380000000005936,[[ 0.99983828 -0.99984378]],-2.2995750266623767,0.9996820818745817
0,60,0,0.016666666666666666,0.0,0.0005189999999997141,[[ 1.94999508 -1.95000492]],-4.509959131398969,3.8025000000241875
0,60,0,0.016666666666666666,0.0,0.0004240000000006461,[[ 2.1568083  -1.86239849]],-5.765487538273594,4.06017509841954
0,60,0,0.016666666666666666,0.0,0.0005810000000003868,[[ 2.06832645 -1.72360162]],-5.791433297967015,3.624388433101825
0,60,0,0.016666666666666666,0.025,0.0005389999999998452,[[ 1.90172351 -2.22931008]],-3.3748285680855865,4.293187865134133
0,60,0,0.016666666666666666,0.0,0.00039999999999995595,[[ 2.01200043 -2.18399762]],-4.036810253012787,4.4089956721504215
0,60,0,0.0,0.025,0.00038300000000024426,[[ 2.2216276  -2.22432454]],-4.9903037327505,4.941624426426815
0,60,0,0.0,0.025,0.00040999999999957737,[[ 2.22210428 -2.22262676]],-4.998026992958069,4.938908584035491
0,60,0,0.016666666666666666,0.0,0.0004569999999999297,[[ 1.96721878 -1.63934163]],-5.557411730492677,3.278695356350158
0,60,0,0.016666666666666666,0.025,0.0004010000000000957,[[ 1.72448189 -2.06803606]],-2.9705597058109774,3.6253054662043462
0,60,0,0.0,0.025,0.0005129999999997636,[[ 2.22227921 -2.22222922]],-5.000281847532534,4.938413796296516
0,60,0,0.0,0.025,0.0004989999999995831,[[ 1.97521464 -2.22310212]],-3.8114610098637147,4.421827951598679
0,60,0,0.016666666666666666,0.025,0.0004299999999997084,[[ 2.30769244 -1.53846116]],-7.692307690878521,3.84615357735906
0,60,0,0.016666666666666666,0.0,0.0004509999999999792,[[ 2.21585141 -2.15841486]],-5.166588915323714,4.78437608360135
0,60,0,0.016666666666666666,0.0,0.0005530000000000257,[[ 2.  -1.6]],-5.800002098083496,3.2799999999999914
0,60,0,0.0,0.025,0.000385000000001412,[[ 2.2 -2. ]],-5.570005416870119,4.420000000000007
0,60,0,0.0,0.025,0.000576000000000576,[[ 2.22147965 -2.22147908]],-4.99822063606216,4.9349705712871055
0,60,0,0.0,0.05,0.0005500000000004945,[[ 1.70887126 -2.22151802]],-2.43507842743429,3.927691651235037
0,60,0,0.03333333333333333,0.0,0.0004039999999996269,[[ 2.14317435 -1.42879094]],-7.072501813478713,3.317319913200666
0,60,0,0.0,0.025,0.0003580000000003025,[[ 2.22115482 -1.66588642]],-6.83014441840407,3.854353162717455
0,60,0,0.0,0.025,0.0004170000000005558,[[ 1.8 -1.9]],-3.9199981689453125,3.425000000000007
0,60,5,0.06666666666666667,0.05,0.000546999999999187,[[ 1.5800022 -1.9266674]],-2.6113435210802853,3.104227117291659
0,60,5,0.08333333333333333,0.025,0.0005259999999989162,[[ 1.93411442 -1.29646987]],-6.394340665954995,2.710816358784749
0,60,5,0.016666666666666666,0.1,0.0006850000000007128,[[ 2.06832645 -1.72360162]],-5.791433297967015,3.624388433101825
0,60,5,0.03333333333333333,0.1,0.0005330000000007828,[[ 1.8 -2.4]],-2.1999988555908208,4.500000000000012
0,60,5,0.03333333333333333,0.1,0.00047999999999959186,[[ 1.38058688 -2.06919508]],-1.1440116618111478,3.093794209888631
0,60,5,0.016666666666666666,0.1,0.000506999999998925,[[ 2.2 -2.3]],-4.650005340576172,5.064999999999982
0,60,5,0.03333333333333333,0.075,0.0004340000000002675,[[ 2.00000073 -2.19999274]],-3.9400226236624585,4.419985478422209
0,60,5,0.05,0.05,0.00046500000000015973,[[ 1.94230862 -1.6115431 ]],-5.488453850657743,3.1848169777260384
0,60,5,0.03333333333333333,0.1,0.0003979999999987882,[[ 1.53800177 -1.99939703]],-2.091595906735298,3.18151896159526
0,60,5,0.03333333333333333,0.075,0.00048600000000043053,[[ 2.10000526 -2.09999474]],-4.780053577272875,4.410000000027682
0,60,5,0.03333333333333333,0.075,0.00044100000000035777,[[ 1.99998952 -2.00001248]],-4.599901435623256,4.0000040057838975
0,60,5,0.03333333333333333,0.1,0.00041500000000027626,[[ 2.29999996 -1.50000001]],-7.769996431247126,3.769999929628148
0,60,5,0.06666666666666667,0.025,0.00045700000000081786,[[ 1.66689895 -1.66649425]],-3.8351259681808667,2.77787759630311
0,60,5,0.05,0.075,0.0004229999999996181,[[ 2.06080861 -1.38513206]],-6.800674022941198,3.0827614760924877
0,60,5,0.05,0.05,0.0004859999999986542,[[ 1.81866142 -1.8186548 ]],-4.273790036142972,3.307517312402501
0,60,5,0.05,0.05,0.0004609999999996006,[[ 1.98361009 -1.61967508]],-5.609518669777193,3.2790281789419646
0,60,5,0.06666666666666667,0.05,0.0005389999999998452,[[ 1.33349857 -1.99983194]],-1.0679379656683274,2.888773118020649
0,60,5,0.016666666666666666,0.075,0.0004980000000003315,[[ 2.2854524  -1.28575554]],-8.32709686987793,3.4382300003935757
0,60,5,0.06666666666666667,0.05,0.0004099999999986892,[[ 1.64999801 -1.55000028]],-4.2799909927872095,2.562497151407201
0,60,5,0.05,0.05,0.0005259999999989162,[[ 1.68998596 -1.97164648]],-3.1405371545751812,3.3717211888541527
0,60,10,0.15,0.025,0.0004819999999998714,[[ 1.43010663 -1.42857004]],-3.2936431377237234,2.043008664816325
0,60,10,0.15,0.025,0.00044899999999969964,[[ 1.55166033 -1.37996163]],-4.22190767609039,2.1559719327324744
0,60,10,0.1,0.1,0.0004299999999997084,[[ 1.97075456 -1.40877456]],-6.232788803423554,2.9342596475048683
0,60,10,0.08333333333333333,0.15,0.0004519999999992308,[[ 1.53811834 -1.99955095]],-2.0917761082534927,3.1820060093237763
0,60,10,0.08333333333333333,0.15,0.0005050000000004218,[[ 1.20039664 -1.99971623]],-0.4029189325553598,2.7199085492207242
0,60,10,0.05,0.175,0.00038999999999944635,[[ 1.98355978 -1.7561594 ]],-5.213432400738143,3.509302612994561
0,60,10,0.1,0.125,0.00038400000000038403,[[ 1.38705303 -1.96823485]],-1.5563269774297983,2.898932266649968
0,60,10,0.1,0.1,0.00044199999999960937,[[ 1.81791929 -1.55862612]],-4.972155403957255,2.8670729681116853
0,60,10,0.1,0.125,0.0003759999999992658,[[ 1.31546152 -1.8432909 ]],-1.337121365849654,2.5640801834220492
0,60,10,0.08333333333333333,0.1,0.0004980000000003315,[[ 1.57425755 -1.84257549]],-2.760400057455263,2.9366856280815457
0,60,10,0.1,0.1,0.00046500000000015973,[[ 1.8760131  -1.56197999]],-5.163263399880425,2.9796033343111716
0,60,10,0.08333333333333333,0.15,0.0004249999999998977,[[ 1.52109871 -1.59632961]],-3.512282745486921,2.431004756327691
0,60,10,0.13333333333333333,0.05,0.0004460000000001685,[[ 1.07692243 -1.71794828]],-0.6281997332564151,2.0555541110076208
0,60,10,0.08333333333333333,0.15,0.00040500000000065484,[[ 1.93544132 -1.29037732]],-6.418939315529724,2.7055033692140324
0,60,10,0.1,0.15,0.0003910000000004743,[[ 1.30458752 -1.73947101]],-1.869784781955108,2.363853989871474
0,60,10,0.08333333333333333,0.15,0.0003740000000007626,[[ 1.47599833 -1.96800125]],-1.8043807675275416,3.025800000002191
0,60,10,0.11666666666666667,0.1,0.0004089999999994376,[[ 1.37531582 -1.75040146]],-1.9753786959235429,2.477699440389105
0,60,10,0.06666666666666667,0.125,0.00035600000000002296,[[ 2.1573508  -1.17674557]],-7.923253430526451,3.0194463007242707
0,60,10,0.11666666666666667,0.1,0.00045499999999876195,[[ 1.53890003 -1.53892265]],-3.7703845293460563,2.3682481041021823
0,60,10,0.08333333333333333,0.1,0.0004220000000003665,[[ 1.53798915 -1.53799847]],-3.7680489071384944,2.3654249558694964
0,60,15,0.23333333333333334,0.05,0.0004930000000005208,[[ 1.01106503 -1.23617001]],-1.5827161694214233,1.2751843918236427
0,60,15,0.2,0.075,0.00047499999999978115,[[ 1.28037924 -1.43926171]],-2.588475008725745,1.8554226405313452
0,60,15,0.16666666666666666,0.125,0.0004299999999997084,[[ 1.22745976 -1.40391878]],-2.3292053822495,1.7388226916565084
0,60,15,0.13333333333333333,0.2,0.00046500000000015973,[[ 1.50003794 -1.49996206]],-3.6503081946575904,2.2500000014393775
0,60,15,0.16666666666666666,0.15,0.00045899999999932106,[[ 1.09871267 -1.53846128]],-1.2187809415512885,1.7870163258249265
0,60,15,0.11666666666666667,0.225,0.0004330000000010159,[[ 1.39575538 -1.62981703]],-2.4151445356781376,2.302218316766391
0,60,15,0.15,0.175,0.0005470000000009634,[[ 1.29562787 -1.66666473]],-2.051957573619976,2.2282114429588944
0,60,15,0.15,0.15,0.00043299999999923955,[[ 1.5277949  -1.37427388]],-3.8906753838125163,2.111392980738846
0,60,15,0.15,0.175,0.00041400000000102466,[[ 1.37895651 -1.60878197]],-2.4017691403977968,2.2448502367748517
0,60,15,0.13333333333333333,0.175,0.0004089999999994376,[[ 1.42839986 -1.42888204]],-3.4266722388690427,2.0410150219381915
0,60,15,0.16666666666666666,0.125,0.0004089999999994376,[[ 1.45150611 -1.29022467]],-3.886794971841141,1.8857748335486941
0,60,15,0.11666666666666667,0.175,0.00045700000000081786,[[ 1.53936425 -1.53741208]],-3.7769063068094733,2.366639102211093
0,60,15,0.2,0.075,0.0005059999999996734,[[ 0.94835937 -1.73195306]],0.17578146005796635,1.9495234514002306
0,60,15,0.15,0.15,0.00042000000000008697,[[ 1.63070369 -1.22520453]],-5.0280902913360395,2.0801603374945095
0,60,15,0.15,0.225,0.00038900000000019475,[[ 1.1762388  -1.76631287]],-1.0531391221506021,2.2516994326716784
0,60,15,0.15,0.175,0.0003889999999984184,[[ 1.30497796 -1.73756122]],-1.6166997351769192,2.361043239623002
0,60,15,0.13333333333333333,0.2,0.00040699999999915804,[[ 1.17646288 -1.76295052]],-0.8878120703480973,2.2460297234238356
0,60,15,0.11666666666666667,0.175,0.0003950000000010334,[[ 2.03998946 -1.02002109]],-7.833881645806911,2.60100000027796
0,60,15,0.16666666666666666,0.125,0.0005539999999992773,[[ 1.33414962 -1.33292838]],-3.13913497990608,1.7783266419247097
0,60,15,0.16666666666666666,0.15,0.0003759999999992658,[[ 1.22359402 -1.63293073]],-1.5654198049363532,2.0818225445630856
0,60,20,0.2833333333333333,0.1,0.0004999999999988347,[[ 0.73595204 -1.35056339]],0.255603408656807,1.1828234369925608
0,60,20,0.23333333333333334,0.15,0.00047499999999978115,[[ 1.23023514 -1.38487901]],-2.4424419071535803,1.7156841881989782
0,60,20,0.23333333333333334,0.175,0.0004770000000000607,[[ 1.7717823  -0.75830203]],-7.2291695433750975,1.8571172445739843
0,60,20,0.18333333333333332,0.275,0.0004390000000000782,[[ 1.55849308 -1.29807135]],-4.534737482412141,2.0569449596573333
0,60,20,0.23333333333333334,0.175,0.0004919999999994928,[[ 1.  -1.4]],-1.0999984741210953,1.479999999999964
0,60,20,0.16666666666666666,0.275,0.00042700000000017724,[[ 1.34622571 -1.53958445]],-2.400837699391653,2.0913219735421023
0,60,20,0.21666666666666667,0.2,0.00043099999999896,[[ 1.08000979 -1.43999266]],-1.4680664749973102,1.6200000000748656
0,60,20,0.2,0.2,0.0005170000000003228,[[ 1.33306303 -1.33357171]],-3.1310701873097493,1.777735273867156
0,60,20,0.18333333333333332,0.225,0.0004129999999999967,[[ 1.24983458 -1.25019453]],-2.8735934419823277,1.5625364159638733
0,60,20,0.2,0.2,0.0004619999999988522,[[ 1.18766715 -1.38560874]],-2.167629498266621,1.6652324178994098
0,60,20,0.2,0.2,0.0004550000000005383,[[ 1.24999668 -1.25000093]],-2.874987016518431,1.5624970124616155
0,60,20,0.21666666666666667,0.175,0.00042000000000008697,[[ 1.13243386 -1.50866779]],-1.6078279933463098,1.779242479061268
0,60,20,0.23333333333333334,0.1,0.00043099999999896,[[ 0.72734202 -1.81836383]],1.7274638644366838,1.9177367168322534
0,60,20,0.21666666666666667,0.175,0.00044300000000063733,[[ 1.29713394 -1.03956831]],-3.768359630014491,1.3816293664927577
0,60,20,0.23333333333333334,0.2,0.0004249999999998977,[[ 0.94765774 -1.68504507]],-0.02016085813715915,1.868716042348118
0,60,20,0.2,0.2,0.0004210000000011149,[[ 1.18989333 -1.42786182]],-2.0940695439069685,1.7273177583148636
0,60,20,0.18333333333333332,0.25,0.0005740000000002965,[[ 1.13125695 -1.50936963]],-1.5240145046496576,1.7789694792056805
0,60,20,0.16666666666666666,0.225,0.00040699999999915804,[[ 1.73802042 -1.08732703]],-5.992625954119961,2.1014975146853074
0,60,20,0.23333333333333334,0.175,0.00041900000000083537,[[ 1.13557317 -1.36376271]],-1.9727518306637672,1.5746875817673982
0,60,20,0.21666666666666667,0.15,0.0005490000000012429,[[ 1.1504508  -1.37904435]],-2.1559367025998455,1.6126501861098068
0,60,25,0.3333333333333333,0.15,0.00047499999999978115,[[ 0.6663354  -1.20138318]],0.25950855817943025,0.9436622040269634
0,60,25,0.2833333333333333,0.225,0.00043699999999979866,[[ 1.06514204 -0.80106325]],-3.628214372151106,0.8881149524950367
0,60,25,0.26666666666666666,0.225,0.00040400000000140324,[[ 1.52698344 -0.72613775]],-6.201317727088275,1.4294772271900211
0,60,25,0.23333333333333334,0.3,0.0005649999999999267,[[ 1.35598596 -1.01621039]],-4.460209176172275,1.4356907400291021
0,60,25,0.2833333333333333,0.225,0.00047999999999959186,[[ 0.85127931 -1.27636079]],-0.5763345770036142,1.17688666131281
0,60,25,0.18333333333333332,0.35,0.0004590000000010974,[[ 1.42819685 -1.42821608]],-3.142059677038045,2.0397737049207425
0,60,25,0.23333333333333334,0.3,0.00042799999999942884,[[ 1.07518112 -1.5054159 ]],-1.2144837912239752,1.7111457293525523
0,60,25,0.26666666666666666,0.225,0.00040900000000121395,[[ 1.17751088 -1.17396286]],-2.7772620491452304,1.3823603356701977
0,60,25,0.23333333333333334,0.275,0.00043799999999905026,[[ 1.11129375 -1.11066923]],-2.6689303853812385,1.2342799699653773
0,60,25,0.25,0.25,0.0005980000000000985,[[ 0.91389477 -1.02812865]],-2.0392813863678705,0.9461260831549407
0,60,25,0.26666666666666666,0.225,0.0004980000000003315,[[ 1.27259805 -0.9092298 ]],-4.035208382839569,1.2231023178241653
0,60,25,0.26666666666666666,0.25,0.0004229999999996181,[[ 0.90315259 -1.54842629]],-0.25107569922491846,1.6066542800412447
0,60,25,0.3,0.2,0.00048600000000043053,[[ 0.5304282  -1.50435506]],2.0116528046317566,1.2722191171584547
0,60,25,0.36666666666666664,0.125,0.00042799999999942884,[[ 1.25005218 -0.62486693]],-5.000751372110706,0.9765445694318516
0,60,25,0.26666666666666666,0.3,0.00041000000000046555,[[ 0.89910989 -1.57170089]],-0.1512938205438532,1.6393211406871893
0,60,25,0.25,0.275,0.0003829999999993561,[[ 1.05301027 -1.40342674]],-1.4583080925285625,1.5392186144611526
0,60,25,0.2,0.325,0.0004390000000000782,[[ 1.18988654 -1.42786646]],-2.0944389996407042,1.7273163080415463
0,60,25,0.21666666666666667,0.325,0.00041599999999952786,[[ 1.53847828 -0.76813178]],-6.080456419934017,1.478470927002359
0,60,25,0.3,0.35,0.0005050000000004218,[[ 0.92708899 -0.79507632]],-2.813163709762341,0.7458201776884823
0,60,25,0.25,0.25,0.0004240000000006461,[[ 1.0001735 -0.9990245]],-2.6042954505973803,0.9991984856240266
0,60,30,0.3333333333333333,0.275,0.00046999999999997044,[[ 0.6663354  -1.20138318]],0.25950855817943025,0.9436622040269634
0,60,30,0.2833333333333333,0.325,0.00046500000000015973,[[ 0.94113593 -1.1770568 ]],-1.6567420718348504,1.1355997661468056
0,60,30,0.3,0.325,0.00042000000000008697,[[ 1.48172939 -0.73978359]],-5.893090902132896,1.3714008662853006
0,60,30,0.2833333333333333,0.35,0.00040900000000121395,[[ 1.1500011 -1.1499989]],-2.8400036516398144,1.3225000000012546
0,60,30,0.35,0.275,0.00044399999999988893,[[ 0.83737971 -0.92991447]],-1.8950348869860913,0.7829728484940917
0,60,30,0.2,0.475,0.0004039999999996269,[[ 1.29478229 -1.43933513]],-2.3788314928458365,1.8740734072600875
0,60,30,0.2833333333333333,0.325,0.00038800000000094315,[[ 1.11075652 -1.11074016]],-2.554946884243034,1.2337618787556275
0,60,30,0.31666666666666665,0.25,0.0005000000000006111,[[ 0.9776898  -1.19604795]],-1.6152726850171308,1.193204023344426
0,60,30,0.2833333333333333,0.3,0.00048099999999884346,[[ 0.86899011 -1.30513887]],-0.6468958485754376,1.2292656379944376
0,60,30,0.26666666666666666,0.35,0.00045300000000025875,[[ 0.90929947 -0.90853585]],-2.3665872276621043,0.8261314594446898
0,60,30,0.3333333333333333,0.275,0.00039499999999925706,[[ 1.15359058 -0.77116378]],-3.915480462974101,0.9627324052702638
0,60,30,0.31666666666666665,0.25,0.00042700000000017724,[[ 0.89565483 -1.19119531]],-1.3084085563698427,1.1105719238056755
0,60,30,0.35,0.525,0.000506999999998925,[[ 7.12926683e-05 -9.63826398e-04]],1.0024570018158279,4.670219849087646e-07
0,60,30,0.35,0.2,0.000460000000000349,[[ 0.86129253 -0.67094067]],-2.691056798973884,0.5959931040712632
0,60,30,0.3,0.35,0.00044499999999914053,[[ 0.89137199 -1.27340395]],-1.0124245949435988,1.2080508267292558
0,60,30,0.31666666666666665,0.3,0.0004679999999996909,[[ 0.99989033 -1.33342782]],-1.3324850500259164,1.3889052037333458
0,60,30,0.26666666666666666,0.35,0.00046999999999997044,[[ 1.17627439 -1.17512905]],-2.767960392768103,1.3822748602111052
0,60,30,0.26666666666666666,0.35,0.0004609999999996006,[[ 1.50471542 -0.43882426]],-6.862276462942275,1.2283676108126897
0,60,30,0.36666666666666664,0.3,0.0004540000000012867,[[ 0.88905774 -0.79939229]],-2.549793783907658,0.71472585171047
0,60,30,0.31666666666666665,0.225,0.000774999999999082,[[ 0.90869098 -1.29935464]],-1.0090186945750566,1.2570208939548069
0,50,0,0.02,0.0,0.0003799999999998249,[[ 1.81817469 -1.82314727]],-4.258041310016045,3.314812580185612
0,50,0,0.02,0.0,0.00035500000000077137,[[ 2.10512226 -1.57954708]],-6.3658040120137445,3.4632543616764058
0,50,0,0.02,0.0,0.0003169999999990125,[[ 1.74972376 -2.00074594]],-3.3710913818425623,3.5322587853651095
0,50,0,0.02,0.02,0.0004460000000001685,[[ 1.69077165 -2.17384427]],-2.376786979168064,3.7921538461585467
0,50,0,0.02,0.02,0.0003640000000011412,[[ 1.47743745 -2.16150417]],-1.2323642875881533,3.4274608465363765
0,50,0,0.0,0.02,0.00035000000000096065,[[ 1.94459139 -2.22164   ]],-3.641547958105805,4.3585599844313565
0,50,0,0.0,0.02,0.00032999999999994145,[[ 2.2222247  -2.22150886]],-5.0021685467325785,4.936692118308782
0,50,0,0.02,0.0,0.00034699999999965314,[[ 1.8578038  -1.82427531]],-4.478160330161133,3.3897076877196075
0,50,0,0.02,0.02,0.0003420000000016188,[[ 1.72498667 -2.06998801]],-2.966798089903296,3.6302146994726234
0,50,0,0.0,0.02,0.00034199999999984243,[[ 2.22217054 -2.22221006]],-4.99976968163004,4.938129729726226
0,50,0,0.0,0.04,0.0003239999999991028,[[ 1.66617313 -2.50025136]],-1.246722172725554,4.513694883961895
0,50,0,0.02,0.02,0.000482999999999123,[[ 2.29513913 -1.31151389]],-8.311661181337547,3.493866148490045
0,50,0,0.02,0.0,0.0005009999999998627,[[ 2.15353822 -1.84588673]],-5.7992264685043935,4.0225123420147515
0,50,0,0.02,0.0,0.00041500000000027626,[[ 1.60742573 -1.78603158]],-3.179065950907203,2.8868631448582738
0,50,0,0.0,0.02,0.0003809999999990765,[[ 2.04093749 -1.63159213]],-5.90186987519388,3.4137593544525937
0,50,0,0.0,0.02,0.00035000000000096065,[[ 2.14999941 -2.15000059]],-4.8049968490263755,4.622500000000347
0,50,0,0.0,0.04,0.0003390000000003113,[[ 1.56922418 -2.25384239]],-1.6338228729988236,3.7711350208396213
0,50,0,0.02,0.0,0.00033199999999844465,[[ 1.81818457 -1.5       ]],-5.227291720147028,2.777897562212125
0,50,0,0.0,0.04,0.00032500000000013074,[[ 2.04990174 -1.53892353]],-6.375650197438422,3.2851913882870005
0,50,0,0.0,0.02,0.0003520000000012402,[[ 1.81816083 -1.81839349]],-4.271936982180672,3.30613185568913
0,50,5,0.08,0.04,0.00043500000000129546,[[ 1.31723685 -1.70689474]],-2.031362489440526,2.3243012840282073
0,50,5,0.06,0.04,0.0005140000000007916,[[ 2.06998016 -1.37997798]],-6.7963683523474145,3.0945785500358287
0,50,5,0.02,0.08,0.0003709999999994551,[[ 1.74972376 -2.00074594]],-3.3710913818425623,3.5322587853651095
0,50,5,0.04,0.08,0.0003380000000010597,[[ 1.58686524 -2.22296487]],-1.5983149091002036,3.7298570560887923
0,50,5,0.04,0.08,0.00033099999999919305,[[ 1.3327488  -1.99911498]],-1.0663703836977967,2.8863400379941413
0,50,5,0.02,0.1,0.00036799999999992394,[[ 1.56515069 -2.2610047 ]],-1.3296818015078555,3.78091947065374
0,50,5,0.06,0.06,0.00042099999999933857,[[ 1.64776164 -2.11777273]],-2.36811513357818,3.600039877826785
0,50,5,0.06,0.04,0.00036799999999992394,[[ 1.83565038 -1.65129924]],-4.875915588223969,3.0482007447182005
0,50,5,0.04,0.08,0.0004460000000001685,[[ 1.53846383 -1.99999771]],-2.092324405460553,3.1834308935860114
0,50,5,0.04,0.06,0.0004859999999986542,[[ 2.04878875 -1.63901406]],-5.91714938443306,3.441951219599678
0,50,5,0.04,0.06,0.000396000000000285,[[ 1.89141937 -1.62120679]],-5.214939416703901,3.1028893493881857
0,50,5,0.04,0.08,0.00040599999999990644,[[ 2.25777349 -1.29066595]],-8.19073297228525,3.38167986231046
0,50,5,0.08,0.04,0.0003829999999993561,[[ 1.9999816 -2.0000784]],-4.399653874740371,4.000119991817635
0,50,5,0.06,0.04,0.0004249999999998977,[[ 1.41378965 -1.6157596 ]],-2.7367730069372267,2.3047401199318482
0,50,5,0.02,0.08,0.00035100000000021225,[[ 1.7 -1.8]],-3.694995880126954,3.065000000000003
0,50,5,0.02,0.08,0.0003740000000007626,[[ 1.9999967  -1.99999819]],-4.399989619684161,3.999989788950091
0,50,5,0.04,0.08,0.0004170000000005558,[[ 1.37987639 -2.06982207]],-1.1385140005833627,3.0941111242124566
0,50,5,0.04,0.06,0.0004240000000006461,[[ 1.73649617 -1.56892584]],-4.628410027244445,2.7384736140418413
0,50,5,0.06,0.06,0.00038499999999963563,[[ 1.64199957 -1.49400006]],-4.4143982255669805,2.4640993823098656
0,50,5,0.02,0.08,0.0003860000000006636,[[ 1.81538412 -1.82307664]],-4.241536656680181,3.3096139786526155
0,50,10,0.16,0.04,0.0004269999999984009,[[ 1.3        -1.42789656]],-2.6446739603308047,1.8644442904962881
0,50,10,0.14,0.06,0.00042099999999933857,[[ 1.33310451 -1.33348899]],-3.1315955673206926,1.7776802475283535
0,50,10,0.1,0.1,0.00041500000000027626,[[ 1.66660918 -1.66670543]],-3.8329040661492755,2.777746579712311
0,50,10,0.1,0.12,0.0003929999999989775,[[ 1.34371522 -1.94092718]],-1.2838711799925235,2.7863844598843692
0,50,10,0.1,0.12,0.00041599999999952786,[[ 1.15414812 -1.92097295]],-0.35432412885807646,2.5110974766101353
0,50,10,0.04,0.18,0.0003829999999993561,[[ 1.58032889 -2.01639467]],-2.1603323741610083,3.2816434403194776
0,50,10,0.06,0.14,0.00039400000000000546,[[ 1.81827272 -1.8180704 ]],-4.273558461973512,3.305747824255318
0,50,10,0.12,0.08,0.0003800000000016013,[[ 1.38914217 -1.52715527]],-2.8920009179395882,2.130959593187328
0,50,10,0.08,0.12,0.0004029999999985989,[[ 1.65079036 -1.44339344]],-4.367443587859398,2.4042467219827692
0,50,10,0.1,0.1,0.00038400000000038403,[[ 1.77766032 -1.33367458]],-5.398211932612833,2.469382063064957
0,50,10,0.12,0.08,0.000408000000000186,[[ 1.65050328 -1.4433683 ]],-4.365996609300079,2.4037365556453034
0,50,10,0.06,0.16,0.0003900000000012227,[[ 1.99961305 -1.333069  ]],-6.6653949094854745,2.8877626542891757
0,50,10,0.14,0.06,0.0003750000000000142,[[ 1.14309641 -1.42845082]],-1.8586908246263985,1.673570576112448
0,50,10,0.1,0.1,0.0004509999999999792,[[ 1.37428047 -1.52628241]],-2.819253949608971,2.1090924078942015
0,50,10,0.04,0.18,0.0003700000000002035,[[ 1.39603836 -1.86137793]],-1.931040259848172,2.706825448528247
0,50,10,0.04,0.18,0.00043600000000054706,[[ 1.69418587 -2.03301035]],-2.558401085951974,3.501698432205719
0,50,10,0.1,0.12,0.00043699999999979866,[[ 1.36827603 -1.7806876 ]],-1.813254483388395,2.5215138099752026
0,50,10,0.08,0.12,0.00039300000000075386,[[ 1.56451429 -1.39067373]],-4.267519246075877,2.1908391851159985
0,50,10,0.12,0.1,0.0003820000000001045,[[ 1.53932442 -1.53707776]],-3.778421007921107,2.3660638615652783
0,50,10,0.1,0.12,0.0004239999999988697,[[ 1.53878438 -1.84570261]],-2.6032446996946637,2.8872377445321593
0,50,15,0.26,0.1,0.0005810000000003868,[[ 1.26240407 -1.05368285]],-3.7294898390787172,1.351955789685036
0,50,15,0.2,0.1,0.0004519999999992308,[[ 1.20347355 -1.35389842]],-2.369494193524125,1.6406947505203628
0,50,15,0.18,0.16,0.00038300000000113243,[[ 0.98807776 -1.72913775]],-0.061610831141209736,1.983107497654459
0,50,15,0.1,0.22,0.0003809999999990765,[[ 1.34371522 -1.94092718]],-1.2838711799925235,2.7863844598843692
0,50,15,0.2,0.12,0.0003740000000007626,[[ 1.09245985 -1.59657266]],-1.0759289994993564,1.8712563814713499
0,50,15,0.12,0.18,0.00039800000000056457,[[ 1.56701507 -1.52578391]],-3.6515374243335468,2.391776390316745
0,50,15,0.12,0.18,0.0003570000000010509,[[ 1.59215714 -1.26862856]],-4.7445064876820675,2.072191383265073
0,50,15,0.16,0.14,0.0010180000000001854,[[ 1.42477876 -1.42831866]],-3.2672560699642963,2.0350443535376472
0,50,15,0.14,0.16,0.0004010000000000957,[[ 1.39548965 -1.34642415]],-3.2845936639928137,1.8801246851316562
0,50,15,0.14,0.18,0.000460000000000349,[[ 1.53828076 -1.1542817 ]],-4.805419286483692,1.8493369684702576
0,50,15,0.2,0.12,0.0004070000000009344,[[ 1.56893449 -1.1759228 ]],-4.885624648204316,1.922174923698031
0,50,15,0.1,0.22,0.0003640000000011412,[[ 1.77181856 -1.26621249]],-5.705945545443998,2.371317541606754
0,50,15,0.24,0.08,0.0003650000000003928,[[ 1.11077695 -1.29688085]],-1.9597435584796152,1.4578626950636768
0,50,15,0.18,0.12,0.0004229999999996181,[[ 1.33389121 -1.33304749]],-3.1372184581433573,1.7781406884347062
0,50,15,0.06,0.28,0.00035199999999946385,[[ 1.36516675 -1.81572922]],-1.9253837520218453,2.5802764296828395
0,50,15,0.1,0.22,0.0003659999999996444,[[ 1.53865718 -1.79489151]],-2.565035942040642,2.794550714194936
0,50,15,0.12,0.2,0.0004349999999995191,[[ 1.2716288  -1.61775683]],-1.9039234856907339,2.117088481098622
0,50,15,0.1,0.2,0.0003589999999995541,[[ 1.53845778 -1.36845668]],-4.176662696327624,2.1197630152862827
0,50,15,0.16,0.16,0.000385000000001412,[[ 1.48135069 -1.11103107]],-4.666195964000551,1.7143949570321424
0,50,15,0.16,0.16,0.00036799999999992394,[[ 1.26642132 -1.77299545]],-1.2535839180928876,2.373667913486394
0,50,20,0.3,0.12,0.00038499999999963563,[[ 0.9297271  -1.22161971]],-1.407554989070065,1.178373597863092
0,50,20,0.24,0.16,0.0004679999999996909,[[ 1.1770366  -1.17704269]],-2.765859344451485,1.385422324688879
0,50,20,0.26,0.16,0.0003810000000008529,[[ 0.97187489 -1.38839619]],-1.013637163388209,1.4360923995004478
0,50,20,0.14,0.28,0.00039899999999981617,[[ 1.22518164 -1.50122275]],-2.0372530670865476,1.8773699012952676
0,50,20,0.24,0.16,0.00039400000000000546,[[ 1.24991542 -1.25056442]],-2.8729060145591347,1.5630999606577598
0,50,20,0.18,0.22,0.00044499999999914053,[[ 1.45784552 -1.24957101]],-3.7905404547047965,1.843370634813221
0,50,20,0.18,0.22,0.00039400000000000546,[[ 1.29557187 -1.36636785]],-2.8251281162523254,1.7727337787319368
0,50,20,0.24,0.24,0.00044399999999988893,[[ 1.53785596 -1.0252432 ]],-5.305714771483665,1.7080622909066245
0,50,20,0.2,0.2,0.0004049999999988785,[[ 1.34035853 -1.13382873]],-3.6509145065511865,1.5410643005897897
0,50,20,0.22,0.18,0.00045200000000100715,[[ 1.28583616 -1.05262528]],-3.651282186015487,1.3806973013473016
0,50,20,0.22,0.2,0.0004340000000002675,[[ 1.41999306 -1.15999653]],-4.181970467684531,1.6809861160318427
0,50,20,0.2,0.2,0.00047200000000025,[[ 1.24954093 -1.12457763]],-3.1739859360536395,1.4130136946684968
0,50,20,0.28,0.1,0.00041400000000102466,[[ 0.90939216 -1.36344129]],-0.729483081135163,1.3429831204578175
0,50,20,0.24,0.18,0.00041800000000158377,[[ 1.1        -1.24999761]],-2.000005624769038,1.3862470099790667
0,50,20,0.16,0.3,0.00036399999999936483,[[ 1.07169173 -1.78545687]],-0.4665241140542053,2.168189690848984
0,50,20,0.16,0.24,0.00037299999999973465,[[ 1.53836764 -1.53855941]],-3.4607358097158043,2.3668700337103896
0,50,20,0.18,0.22,0.0003790000000005733,[[ 0.9656883  -1.61273281]],-0.3763613598486038,1.7667305078428959
0,50,20,0.16,0.24,0.0004249999999998977,[[ 1.50554495 -1.29156989]],-4.2230068170513135,1.9674091799492608
0,50,20,0.24,0.28,0.00039300000000075386,[[ 1.53760635 -0.76770143]],-6.153807916663269,1.476799392880549
0,50,20,0.26,0.18,0.000537000000001342,[[ 0.79247755 -1.78196687]],1.1158478412128559,1.9017133027471425
0,50,25,0.34,0.18,0.00041500000000027626,[[ 0.9224208  -1.18103749]],-1.478477105795732,1.12285483626824
0,50,25,0.24,0.26,0.00044999999999895124,[[ 1.1770366  -1.17704269]],-2.765859344451485,1.385422324688879
0,50,25,0.28,0.24,0.0003979999999987882,[[ 0.9588033  -1.36972346]],-1.0136162288763912,1.3977230603232078
0,50,25,0.24,0.28,0.0004729999999995016,[[ 0.99972465 -1.50028369]],-0.8977101650605638,1.6251502688054615
0,50,25,0.3,0.2,0.0003929999999989775,[[ 1.08397034 -1.20440828]],-2.1560194994297937,1.3127955024708076
0,50,25,0.2,0.3,0.0003740000000007626,[[ 1.46073403 -1.23566123]],-3.843959984033552,1.830301298505366
0,50,25,0.22,0.3,0.000385000000001412,[[ 1.12022248 -1.43896529]],-1.6123943545338042,1.6627597652644188
0,50,25,0.34,0.28,0.00042700000000017724,[[ 1.37936577 -0.57461325]],-5.885639835183063,1.116415151737475
0,50,25,0.2,0.24,0.00041599999999952786,[[ 1.53891185 -0.85495236]],-5.873414553091007,1.5495966088965665
0,50,25,0.28,0.24,0.00042899999999868044,[[ 1.16307851 -0.9304504 ]],-3.4891916924026685,1.1092447836359016
0,50,25,0.3,0.22,0.0004269999999984009,[[ 1.19980626 -0.80017223]],-4.078395693909654,1.0399053252413413
0,50,25,0.22,0.28,0.00041199999999896875,[[ 1.17655976 -1.17640048]],-2.647730526690027,1.3841054769967567
0,50,25,0.32,0.16,0.00039300000000075386,[[ 0.92323673 -1.08713774]],-1.5773829214760606,1.0171172699476043
0,50,25,0.28,0.22,0.0003580000000003025,[[ 1.09356582 -0.88564476]],-2.977627864265716,0.9901264275628063
0,50,25,0.18,0.34,0.00035600000000002296,[[ 1.11120362 -1.48141858]],-1.593217717956307,1.7146872396791035
0,50,25,0.22,0.28,0.0003690000000009519,[[ 1.33327997 -1.33231042]],-3.003028641545579,1.776343261949409
0,50,25,0.22,0.3,0.0006839999999996849,[[ 1.09097362 -1.45341905]],-1.5856126681553915,1.6513251863467313
0,50,25,0.2,0.32,0.0004030000000003753,[[ 1.47058928 -0.88235639]],-5.411765354638878,1.4705928260548546
0,50,25,0.28,0.36,0.000396000000000285,[[ 1.24967888 -0.62398927]],-5.18866203297462,0.975529956946569
0,50,25,0.3,0.2,0.00039800000000056457,[[ 0.27034414 -1.8923019 ]],4.2169807997881215,1.826946221760133
0,50,30,0.34,0.28,0.000460000000000349,[[ 0.9224208  -1.18103749]],-1.478477105795732,1.12285483626824
0,50,30,0.3,0.32,0.00043099999999896,[[ 0.96791308 -1.2905546 ]],-1.1615445063973333,1.3011934511593164
0,50,30,0.3,0.32,0.0005289999999984474,[[ 0.87684508 -1.33121124]],-0.7218031639015341,1.2704903259673612
0,50,30,0.3,0.3,0.00046400000000090813,[[ 0.76856434 -1.5405703 ]],0.5479265233966922,1.4820239920762703
0,50,30,0.32,0.28,0.0004229999999996181,[[ 0.95238718 -0.8       ]],-2.9009836785976986,0.7735206667597105
0,50,30,0.22,0.38,0.0004000000000008441,[[ 1.50049324 -1.16704087]],-4.217973720744333,1.8067321875568623
0,50,30,0.26,0.34,0.0005279999999991958,[[ 1.17702852 -1.17703262]],-2.648306296833955,1.3854009619579273
0,50,30,0.34,0.28,0.0004380000000008266,[[ 1.11128433 -1.10968889]],-2.671950332884685,1.2331811513712458
0,50,30,0.32,0.28,0.00038900000000019475,[[ 1.10268634 -0.96576505]],-3.0361863435457335,1.0743096468924338
0,50,30,0.3,0.32,0.0003709999999994551,[[ 1.17664967 -0.78444539]],-4.020134521687759,0.9999295074589805
0,50,30,0.32,0.3,0.00046800000000146724,[[ 1.08332792 -0.58332792]],-4.21665058027973,0.7569354198783375
0,50,30,0.3,0.32,0.000482999999999123,[[ 1.35594477 -0.33892946]],-5.983276415535433,0.9767296948718768
0,50,30,0.38,0.58,0.0004670000000004393,[[-6.89141088e-05  4.21605306e-05]],1.0002759143602202,3.263332365915903e-09
0,50,30,0.38,0.46,0.00043099999999896,[[0.57617513 0.10167424]],-2.7315696491856087,0.17115771812754244
0,50,30,0.26,0.34,0.0012249999999998096,[[ 0.95196558 -1.58757289]],-0.3619989235032226,1.7133130647150734
0,50,30,0.26,0.32,0.0004349999999995191,[[ 1.21596885 -0.94573689]],-3.7696247670922163,1.186499258561055
0,50,30,0.3,0.32,0.00044100000000035777,[[ 1.11120513 -1.11036136]],-2.6695387938944677,1.233839600703531
0,50,30,0.24,0.32,0.0004179999999998074,[[ 1.40272024 -0.5248984 ]],-6.105274499469491,1.1215711955939391
0,50,30,0.32,0.38,0.00044899999999969964,[[ 1.25712788 -0.11410912]],-6.543284108597638,0.7966957016412768
0,50,30,0.34,0.32,0.0004210000000011149,[[-0.30816537 -1.84620297]],7.187340171975452,1.7517156550364565
