,Training,Noise,Training Error,Testing Error,Time Count,Objective Function,Standard Deviation,Features
0,80,0,0.0,0.0,0.0009019999999964057,0,0.01,2
0,80,0,0.0,0.0,0.0004799999999818283,0,0.01,2
0,80,0,0.0,0.0,0.0007860000000050604,0,0.01,2
0,80,0,0.0,0.0,0.0006410000000300897,0,0.01,2
0,80,0,0.0,0.0,0.0009210000000052787,0,0.01,2
0,80,0,0.0,0.0,0.0007690000000479813,0,0.01,2
0,80,0,0.0,0.0,0.000638000000037664,0,0.01,2
0,80,0,0.0,0.0,0.0005859999999984211,0,0.01,2
0,80,0,0.0,0.0,0.0006720000000086657,0,0.01,2
0,80,0,0.0,0.0,0.0006040000000098189,0,0.01,2
0,80,0,0.0,0.0,0.0007600000000138607,0,0.01,2
0,80,0,0.0,0.0,0.0006130000000439395,0,0.01,2
0,80,0,0.0,0.0,0.0008769999999458378,0,0.01,2
0,80,0,0.0,0.0,0.0008899999999698593,0,0.01,2
0,80,0,0.0,0.0,0.001048000000025695,0,0.01,2
0,80,0,0.0,0.0,0.0004230000000120526,0,0.01,2
0,80,0,0.0,0.0,0.0006309999999984939,0,0.01,2
0,80,0,0.0,0.0,0.0007369999999582433,0,0.01,2
0,80,0,0.0,0.0,0.0005959999999731735,0,0.01,2
0,80,0,0.0,0.0,0.0005709999999794491,0,0.01,2
0,80,0,0.0,0.0,0.0005689999999844986,0,0.01,2
0,80,0,0.0,0.0,0.0011279999999942447,0,0.01,2
0,80,0,0.0,0.0,0.0007060000000365108,0,0.01,2
0,80,0,0.0,0.0,0.0007299999999759166,0,0.01,2
0,80,0,0.0,0.0,0.0008970000000090295,0,0.01,2
0,80,0,0.0,0.0,0.0006279999999492247,0,0.01,2
0,80,0,0.0,0.0,0.0005429999999932988,0,0.01,2
0,80,0,0.0,0.0,0.000864000000035503,0,0.01,2
0,80,0,0.0,0.0,0.0005439999999907741,0,0.01,2
0,80,0,0.0,0.0,0.000684000000035212,0,0.01,2
0,80,0,0.0,0.0,0.0009459999999990032,0,0.01,2
0,80,0,0.0,0.0,0.0006500000000073669,0,0.01,2
0,80,0,0.0,0.0,0.0005409999999983484,0,0.01,2
0,80,0,0.0,0.0,0.0008619999999837091,0,0.01,2
0,80,0,0.0,0.0,0.0008060000000114087,0,0.01,2
0,80,0,0.0,0.0,0.0006809999999859428,0,0.01,2
0,80,0,0.0,0.0,0.0009150000000204273,0,0.01,2
0,80,0,0.0,0.0,0.0009390000000166765,0,0.01,2
0,80,0,0.0,0.0,0.0008300000000076579,0,0.01,2
0,80,0,0.0,0.0,0.0008730000000127802,0,0.01,2
0,80,0,0.0,0.0,0.0007969999999772881,0,0.01,2
0,80,0,0.0,0.0,0.0004450000000133514,0,0.01,2
0,80,0,0.0,0.0,0.000781999999958316,0,0.01,2
0,80,0,0.0,0.0,0.000841000000036729,0,0.01,2
0,80,0,0.0,0.0,0.001029000000016822,0,0.01,2
0,80,0,0.0,0.0,0.0008750000000077307,0,0.01,2
0,80,0,0.0,0.0,0.000716999999951895,0,0.01,2
0,80,0,0.0,0.0,0.0008010000000240325,0,0.01,2
0,80,0,0.0,0.0,0.0012790000000109103,0,0.01,2
0,80,0,0.0,0.0,0.0006030000000123437,0,0.01,2
0,80,0,0.0,0.0,0.0008330000000000837,0,0.01,2
0,80,0,0.0,0.0,0.0011389999999664724,0,0.01,2
0,80,0,0.0,0.0,0.001136999999971522,0,0.01,2
0,80,0,0.0,0.0,0.0011269999999967695,0,0.01,2
0,80,0,0.0,0.0,0.001335999999980686,0,0.01,2
0,80,0,0.0,0.0,0.0008300000000076579,0,0.01,2
0,80,0,0.0,0.0,0.0008829999999875326,0,0.01,2
0,80,0,0.0,0.0,0.0010540000000105465,0,0.01,2
0,80,0,0.0,0.0,0.0006740000000036162,0,0.01,2
0,80,0,0.0,0.0,0.0017220000000293112,0,0.01,2
0,80,0,0.0,0.0,0.0007470000000466825,0,0.01,2
0,80,0,0.0,0.0,0.0007529999999746906,0,0.01,2
0,80,0,0.0,0.0,0.0010510000000181208,0,0.01,2
0,80,0,0.0,0.0,0.0011420000000157415,0,0.01,2
0,80,0,0.0,0.0,0.001010000000007949,0,0.01,2
0,80,0,0.0,0.0,0.0008710000000178297,0,0.01,2
0,80,0,0.0,0.0,0.0009479999999939537,0,0.01,2
0,80,0,0.0,0.0,0.0008659999999736101,0,0.01,2
0,80,0,0.0,0.0,0.0010310000000117725,0,0.01,2
0,80,0,0.0,0.0,0.0009019999999964057,0,0.01,2
0,80,0,0.0,0.0,0.000984999999957381,0,0.01,2
0,80,0,0.0,0.0,0.0007670000000530308,0,0.01,2
0,80,0,0.0,0.0,0.0008330000000000837,0,0.01,2
0,80,0,0.0,0.0,0.0011049999999954707,0,0.01,2
0,80,0,0.0,0.0,0.0007829999999557913,0,0.01,2
0,80,0,0.0,0.0,0.000968000000000302,0,0.01,2
0,80,0,0.0,0.0,0.0008480000000190557,0,0.01,2
0,80,0,0.0,0.0,0.0010130000000003747,0,0.01,2
0,80,0,0.0,0.0,0.001219000000048709,0,0.01,2
0,80,0,0.0,0.0,0.001427999999975782,0,0.01,2
0,80,0,0.0,0.0,0.0015379999999822758,0,0.01,2
0,80,0,0.0,0.0,0.001086999999984073,0,0.01,2
0,80,0,0.0,0.0,0.0008240000000228065,0,0.01,2
0,80,0,0.0,0.0,0.0006649999999694955,0,0.01,2
0,80,0,0.0,0.0,0.0006089999999971951,0,0.01,2
0,80,0,0.0,0.0,0.0008569999999963329,0,0.01,2
0,80,0,0.0,0.0,0.0008310000000051332,0,0.01,2
0,80,0,0.0,0.0,0.0007769999999709398,0,0.01,2
0,80,0,0.0,0.0,0.0008649999999761349,0,0.01,2
0,80,0,0.0,0.0,0.00044700000000830187,0,0.01,2
0,80,0,0.0,0.0,0.0009769999999775791,0,0.01,2
0,80,0,0.0,0.0,0.0010569999999461288,0,0.01,2
0,80,0,0.0,0.0,0.0009459999999990032,0,0.01,2
0,80,0,0.0,0.0,0.0007810000000176842,0,0.01,2
0,80,0,0.0,0.0,0.0007249999999885404,0,0.01,2
0,80,0,0.0,0.0,0.0010720000000219443,0,0.01,2
0,80,0,0.0,0.0,0.0006370000000401888,0,0.01,2
0,80,0,0.0,0.0,0.0010809999999992215,0,0.01,2
0,80,0,0.0,0.0,0.0008620000000405525,0,0.01,2
0,80,0,0.0,0.0,0.001030999999954929,0,0.01,2
0,80,0,0.0,0.0,0.0010800000000017462,0,0.01,3
0,80,0,0.0,0.0,0.0010260000000243963,0,0.01,3
0,80,0,0.0,0.0,0.0008460000000241052,0,0.01,3
0,80,0,0.0,0.0,0.0012459999999805405,0,0.01,3
0,80,0,0.0,0.0,0.0008839999999850079,0,0.01,3
0,80,0,0.0,0.0,0.0006180000000313157,0,0.01,3
0,80,0,0.0,0.0,0.000703000000044085,0,0.01,3
0,80,0,0.0,0.0,0.0007150000000137879,0,0.01,3
0,80,0,0.0,0.0,0.0006779999999935171,0,0.01,3
0,80,0,0.0,0.0,0.0010669999999777247,0,0.01,3
0,80,0,0.0,0.0,0.0005299999999692773,0,0.01,3
0,80,0,0.0,0.0,0.0010450000000332693,0,0.01,3
0,80,0,0.0,0.0,0.00061500000003889,0,0.01,3
0,80,0,0.0,0.0,0.0008170000000404798,0,0.01,3
0,80,0,0.0,0.0,0.0009249999999951797,0,0.01,3
0,80,0,0.0,0.0,0.000772000000040407,0,0.01,3
0,80,0,0.0,0.0,0.0006639999999720203,0,0.01,3
0,80,0,0.0,0.0,0.0006960000000049149,0,0.01,3
0,80,0,0.0,0.0,0.0008889999999723841,0,0.01,3
0,80,0,0.0,0.0,0.0006589999999846441,0,0.01,3
0,80,0,0.0,0.0,0.0005009999999856518,0,0.01,3
0,80,0,0.0,0.0,0.0007289999999784413,0,0.01,3
0,80,0,0.0,0.0,0.0006480000000124164,0,0.01,3
0,80,0,0.0,0.0,0.0007850000000075852,0,0.01,3
0,80,0,0.0,0.0,0.00073000000003276,0,0.01,3
0,80,0,0.0,0.0,0.0008980000000065047,0,0.01,3
0,80,0,0.0,0.0,0.0007299999999759166,0,0.01,3
0,80,0,0.0,0.0,0.000712999999961994,0,0.01,3
0,80,0,0.0,0.0,0.0006260000000111177,0,0.01,3
0,80,0,0.0,0.0,0.0011269999999967695,0,0.01,3
0,80,0,0.0,0.0,0.0008199999999760621,0,0.01,3
0,80,0,0.0,0.0,0.0007029999999872416,0,0.01,3
0,80,0,0.0,0.0,0.0007330000000251857,0,0.01,3
0,80,0,0.0,0.0,0.0008780000000001564,0,0.01,3
0,80,0,0.0,0.0,0.0005449999999882493,0,0.01,3
0,80,0,0.0,0.0,0.0006700000000137152,0,0.01,3
0,80,0,0.0,0.0,0.0005570000000147957,0,0.01,3
0,80,0,0.0,0.0,0.0007540000000290092,0,0.01,3
0,80,0,0.0,0.0,0.0006529999999997926,0,0.01,3
0,80,0,0.0,0.0,0.0006440000000225155,0,0.01,3
0,80,0,0.0,0.0,0.0005629999999996471,0,0.01,3
0,80,0,0.0,0.0,0.0006720000000086657,0,0.01,3
0,80,0,0.0,0.0,0.0008209999999735373,0,0.01,3
0,80,0,0.0,0.0,0.0006099999999946704,0,0.01,3
0,80,0,0.0,0.0,0.0007989999999722386,0,0.01,3
0,80,0,0.0,0.0,0.000734000000022661,0,0.01,3
0,80,0,0.0,0.0,0.0005529999999680513,0,0.01,3
0,80,0,0.0,0.0,0.0007590000000163855,0,0.01,3
0,80,0,0.0,0.0,0.0014409999999998035,0,0.01,3
0,80,0,0.0,0.0,0.0006050000000072941,0,0.01,3
0,80,0,0.0,0.0,0.0008989999999471365,0,0.01,3
0,80,0,0.0,0.0,0.0010470000000282198,0,0.01,3
0,80,0,0.0,0.0,0.0006549999999947431,0,0.01,3
0,80,0,0.0,0.0,0.0006139999999845713,0,0.01,3
0,80,0,0.0,0.0,0.0009329999999749816,0,0.01,3
0,80,0,0.0,0.0,0.0008020000000215077,0,0.01,3
0,80,0,0.0,0.0,0.0009309999999800311,0,0.01,3
0,80,0,0.0,0.0,0.0009769999999775791,0,0.01,3
0,80,0,0.0,0.0,0.0006789999999909924,0,0.01,3
0,80,0,0.0,0.0,0.0008369999999899846,0,0.01,3
0,80,0,0.0,0.0,0.0006529999999997926,0,0.01,3
0,80,0,0.0,0.0,0.0008189999999785869,0,0.01,3
0,80,0,0.0,0.0,0.0007150000000137879,0,0.01,3
0,80,0,0.0,0.0,0.0006900000000200635,0,0.01,3
0,80,0,0.0,0.0,0.000550000000032469,0,0.01,3
0,80,0,0.0,0.0,0.0005409999999983484,0,0.01,3
0,80,0,0.0,0.0,0.0006230000000186919,0,0.01,3
0,80,0,0.0,0.0,0.0011019999999462016,0,0.01,3
0,80,0,0.0,0.0,0.0005950000000325417,0,0.01,3
0,80,0,0.0,0.0,0.0006370000000401888,0,0.01,3
0,80,0,0.0,0.0,0.0006830000000377368,0,0.01,3
0,80,0,0.0,0.0,0.0006520000000023174,0,0.01,3
0,80,0,0.0,0.0,0.000753000000031534,0,0.01,3
0,80,0,0.0,0.0,0.000822000000027856,0,0.01,3
0,80,0,0.0,0.0,0.0005790000000160944,0,0.01,3
0,80,0,0.0,0.0,0.0008409999999798856,0,0.01,3
0,80,0,0.0,0.0,0.000680000000045311,0,0.01,3
0,80,0,0.0,0.0,0.0006179999999744723,0,0.01,3
0,80,0,0.0,0.0,0.0005220000000463187,0,0.01,3
0,80,0,0.0,0.0,0.0006240000000161672,0,0.01,3
0,80,0,0.0,0.0,0.0007200000000011642,0,0.01,3
0,80,0,0.0,0.0,0.0005779999999617758,0,0.01,3
0,80,0,0.0,0.0,0.0006560000000490618,0,0.01,3
0,80,0,0.0,0.0,0.0006819999999834181,0,0.01,3
0,80,0,0.0,0.0,0.0005970000000274922,0,0.01,3
0,80,0,0.0,0.0,0.0008040000000164582,0,0.01,3
0,80,0,0.0,0.0,0.0011509999999930187,0,0.01,3
0,80,0,0.0,0.0,0.0005400000000008731,0,0.01,3
0,80,0,0.0,0.0,0.0006540000000541113,0,0.01,3
0,80,0,0.0,0.0,0.0006329999999934444,0,0.01,3
0,80,0,0.0,0.0,0.0007520000000340588,0,0.01,3
0,80,0,0.0,0.0,0.0009299999999825559,0,0.01,3
0,80,0,0.0,0.0,0.0006029999999555002,0,0.01,3
0,80,0,0.0,0.0,0.0009639999999535576,0,0.01,3
0,80,0,0.0,0.0,0.0008890000000292275,0,0.01,3
0,80,0,0.0,0.0,0.0006170000000338405,0,0.01,3
0,80,0,0.0,0.0,0.0006270000000085929,0,0.01,3
0,80,0,0.0,0.0,0.0006360000000427135,0,0.01,3
0,80,0,0.0,0.0,0.0007750000000328328,0,0.01,3
0,80,0,0.0,0.0,0.0005029999999806023,0,0.01,3
0,80,0,0.0,0.0,0.0008389999999849351,0,0.01,4
0,80,0,0.0,0.0,0.0007229999999935899,0,0.01,4
0,80,0,0.0,0.0,0.0006139999999845713,0,0.01,4
0,80,0,0.0,0.0,0.0006720000000086657,0,0.01,4
0,80,0,0.0,0.0,0.0005069999999705033,0,0.01,4
0,80,0,0.0,0.0,0.0005540000000223699,0,0.01,4
0,80,0,0.0,0.0,0.0006700000000137152,0,0.01,4
0,80,0,0.0,0.0,0.000688000000025113,0,0.01,4
0,80,0,0.0,0.0,0.0007499999999822649,0,0.01,4
0,80,0,0.0,0.0,0.0005850000000009459,0,0.01,4
0,80,0,0.0,0.0,0.0006730000000061409,0,0.01,4
0,80,0,0.0,0.0,0.0005699999999819738,0,0.01,4
0,80,0,0.0,0.0,0.0011200000000144428,0,0.01,4
0,80,0,0.0,0.0,0.0006200000000262662,0,0.01,4
0,80,0,0.0,0.0,0.0008629999999811844,0,0.01,4
0,80,0,0.0,0.0,0.0005380000000059226,0,0.01,4
0,80,0,0.0,0.0,0.0007480000000441578,0,0.01,4
0,80,0,0.0,0.0,0.0006750000000010914,0,0.01,4
0,80,0,0.0,0.0,0.0006070000000022446,0,0.01,4
0,80,0,0.0,0.0,0.0008280000000127075,0,0.01,4
0,80,0,0.0,0.0,0.0005439999999907741,0,0.01,4
0,80,0,0.0,0.0,0.0008899999999698593,0,0.01,4
0,80,0,0.0,0.0,0.0008589999999912834,0,0.01,4
0,80,0,0.0,0.0,0.0005929999999807478,0,0.01,4
0,80,0,0.0,0.0,0.0007099999999695683,0,0.01,4
0,80,0,0.0,0.0,0.0007669999999961874,0,0.01,4
0,80,0,0.0,0.0,0.000642000000027565,0,0.01,4
0,80,0,0.0,0.0,0.000693999999953121,0,0.01,4
0,80,0,0.0,0.0,0.0006559999999922184,0,0.01,4
0,80,0,0.0,0.0,0.0007060000000365108,0,0.01,4
0,80,0,0.0,0.0,0.0005629999999996471,0,0.01,4
0,80,0,0.0,0.0,0.0007370000000150867,0,0.01,4
0,80,0,0.0,0.0,0.0005910000000426407,0,0.01,4
0,80,0,0.0,0.0,0.0007229999999935899,0,0.01,4
0,80,0,0.0,0.0,0.001209000000017113,0,0.01,4
0,80,0,0.0,0.0,0.0009510000000432228,0,0.01,4
0,80,0,0.0,0.0,0.0006480000000124164,0,0.01,4
0,80,0,0.0,0.0,0.000578999999959251,0,0.01,4
0,80,0,0.0,0.0,0.000998999999978878,0,0.01,4
0,80,0,0.0,0.0,0.0005610000000046966,0,0.01,4
0,80,0,0.0,0.0,0.0009069999999837819,0,0.01,4
0,80,0,0.0,0.0,0.0006030000000123437,0,0.01,4
0,80,0,0.0,0.0,0.0008210000000303808,0,0.01,4
0,80,0,0.0,0.0,0.000872000000015305,0,0.01,4
0,80,0,0.0,0.0,0.0007380000000125619,0,0.01,4
0,80,0,0.0,0.0,0.0010419999999840002,0,0.01,4
0,80,0,0.0,0.0,0.0008119999999962602,0,0.01,4
0,80,0,0.0,0.0,0.0006740000000036162,0,0.01,4
0,80,0,0.0,0.0,0.0009289999999850806,0,0.01,4
0,80,0,0.0,0.0,0.0006960000000049149,0,0.01,4
0,80,0,0.0,0.0,0.0009310000000368746,0,0.01,4
0,80,0,0.0,0.0,0.0007840000000101099,0,0.01,4
0,80,0,0.0,0.0,0.0005449999999882493,0,0.01,4
0,80,0,0.0,0.0,0.0005790000000160944,0,0.01,4
0,80,0,0.0,0.0,0.0008079999999495158,0,0.01,4
0,80,0,0.0,0.0,0.0011799999999766442,0,0.01,4
0,80,0,0.0,0.0,0.0009289999999850806,0,0.01,4
0,80,0,0.0,0.0,0.0006470000000149412,0,0.01,4
0,80,0,0.0,0.0,0.000826000000017757,0,0.01,4
0,80,0,0.0,0.0,0.0008189999999785869,0,0.01,4
0,80,0,0.0,0.0,0.0010930000000257678,0,0.01,4
0,80,0,0.0,0.0,0.0015609999999810498,0,0.01,4
0,80,0,0.0,0.0,0.000872000000015305,0,0.01,4
0,80,0,0.0,0.0,0.0008440000000291548,0,0.01,4
0,80,0,0.0,0.0,0.0006959999999480715,0,0.01,4
0,80,0,0.0,0.0,0.0005580000000122709,0,0.01,4
0,80,0,0.0,0.0,0.0005350000000134969,0,0.01,4
0,80,0,0.0,0.0,0.0005790000000160944,0,0.01,4
0,80,0,0.0,0.0,0.0008750000000077307,0,0.01,4
0,80,0,0.0,0.0,0.0011429999999563734,0,0.01,4
0,80,0,0.0,0.0,0.0005670000000463915,0,0.01,4
0,80,0,0.0,0.0,0.0006240000000161672,0,0.01,4
0,80,0,0.0,0.0,0.0008020000000215077,0,0.01,4
0,80,0,0.0,0.0,0.0005719999999769243,0,0.01,4
0,80,0,0.0,0.0,0.0008670000000279288,0,0.01,4
0,80,0,0.0,0.0,0.0006829999999808933,0,0.01,4
0,80,0,0.0,0.0,0.0006040000000098189,0,0.01,4
0,80,0,0.0,0.0,0.0007019999999897664,0,0.01,4
0,80,0,0.0,0.0,0.00047000000000707587,0,0.01,4
0,80,0,0.0,0.0,0.0004729999999995016,0,0.01,4
0,80,0,0.0,0.0,0.0009699999999952524,0,0.01,4
0,80,0,0.0,0.0,0.0004940000000033251,0,0.01,4
0,80,0,0.0,0.0,0.0006290000000035434,0,0.01,4
0,80,0,0.0,0.0,0.000578999999959251,0,0.01,4
0,80,0,0.0,0.0,0.0006329999999934444,0,0.01,4
0,80,0,0.0,0.0,0.0011729999999943175,0,0.01,4
0,80,0,0.0,0.0,0.000596000000030017,0,0.01,4
0,80,0,0.0,0.0,0.001056000000005497,0,0.01,4
0,80,0,0.0,0.0,0.0008520000000089567,0,0.01,4
0,80,0,0.0,0.0,0.0007610000000113359,0,0.01,4
0,80,0,0.0,0.0,0.0012959999999679894,0,0.01,4
0,80,0,0.0,0.0,0.0005029999999806023,0,0.01,4
0,80,0,0.0,0.0,0.0009160000000179025,0,0.01,4
0,80,0,0.0,0.0,0.0007860000000050604,0,0.01,4
0,80,0,0.0,0.0,0.0006200000000262662,0,0.01,4
0,80,0,0.0,0.0,0.0006690000000162399,0,0.01,4
0,80,0,0.0,0.0,0.0006539999999972679,0,0.01,4
0,80,0,0.0,0.0,0.000597999999968124,0,0.01,4
0,80,0,0.0,0.0,0.0007090000000289365,0,0.01,4
0,80,0,0.0,0.0,0.0005239999999844258,0,0.01,4
0,80,0,0.0,0.0,0.0006199999999694228,0,0.01,5
0,80,0,0.0,0.0,0.0006029999999555002,0,0.01,5
0,80,0,0.0,0.0,0.0006129999999870961,0,0.01,5
0,80,0,0.0,0.0,0.0006729999999492975,0,0.01,5
0,80,0,0.0,0.0,0.0006740000000036162,0,0.01,5
0,80,0,0.0,0.0,0.0012949999999705142,0,0.01,5
0,80,0,0.0,0.0,0.0005709999999794491,0,0.01,5
0,80,0,0.0,0.0,0.0008149999999886859,0,0.01,5
0,80,0,0.0,0.0,0.0007330000000251857,0,0.01,5
0,80,0,0.0,0.0,0.0007469999999898391,0,0.01,5
0,80,0,0.0,0.0,0.0005689999999844986,0,0.01,5
0,80,0,0.0,0.0,0.0005909999999857973,0,0.01,5
0,80,0,0.0,0.0,0.0013369999999781612,0,0.01,5
0,80,0,0.0,0.0,0.0009469999999964784,0,0.01,5
0,80,0,0.0,0.0,0.0007689999999911379,0,0.01,5
0,80,0,0.0,0.0,0.0006450000000199907,0,0.01,5
0,80,0,0.0,0.0,0.0006999999999948159,0,0.01,5
0,80,0,0.0,0.0,0.0006950000000074397,0,0.01,5
0,80,0,0.0,0.0,0.0005419999999958236,0,0.01,5
0,80,0,0.0,0.0,0.00068999999996322,0,0.01,5
0,80,0,0.0,0.0,0.0009049999999888314,0,0.01,5
0,80,0,0.0,0.0,0.0008960000000115542,0,0.01,5
0,80,0,0.0,0.0,0.000998999999978878,0,0.01,5
0,80,0,0.0,0.0,0.000726000000042859,0,0.01,5
0,80,0,0.0,0.0,0.0011129999999752727,0,0.01,5
0,80,0,0.0,0.0,0.0008430000000316795,0,0.01,5
0,80,0,0.0,0.0,0.001936000000000604,0,0.01,5
0,80,0,0.0,0.0,0.0007550000000264845,0,0.01,5
0,80,0,0.0,0.0,0.0012290000000234613,0,0.01,5
0,80,0,0.0,0.0,0.0008349999999950342,0,0.01,5
0,80,0,0.0,0.0,0.0011079999999878964,0,0.01,5
0,80,0,0.0,0.0,0.0012700000000336331,0,0.01,5
0,80,0,0.0,0.0,0.0011690000000044165,0,0.01,5
0,80,0,0.0,0.0,0.0007029999999872416,0,0.01,5
0,80,0,0.0,0.0,0.0015319999999974243,0,0.01,5
0,80,0,0.0,0.0,0.0009939999999915017,0,0.01,5
0,80,0,0.0,0.0,0.001519999999970878,0,0.01,5
0,80,0,0.0,0.0,0.0012490000000298096,0,0.01,5
0,80,0,0.0,0.0,0.0007249999999885404,0,0.01,5
0,80,0,0.0,0.0,0.0007229999999935899,0,0.01,5
0,80,0,0.0,0.0,0.0007650000000012369,0,0.01,5
0,80,0,0.0,0.0,0.0006319999999959691,0,0.01,5
0,80,0,0.0,0.0,0.0008780000000001564,0,0.01,5
0,80,0,0.0,0.0,0.001722999999969943,0,0.01,5
0,80,0,0.0,0.0,0.0006820000000402615,0,0.01,5
0,80,0,0.0,0.0,0.0016899999999964166,0,0.01,5
0,80,0,0.0,0.0,0.0006199999999694228,0,0.01,5
0,80,0,0.0,0.0,0.0006079999999997199,0,0.01,5
0,80,0,0.0,0.0,0.000619000000028791,0,0.01,5
0,80,0,0.0,0.0,0.0009650000000078762,0,0.01,5
0,80,0,0.0,0.0,0.0008930000000191285,0,0.01,5
0,80,0,0.0,0.0,0.0011770000000410619,0,0.01,5
0,80,0,0.0,0.0,0.0007390000000100372,0,0.01,5
0,80,0,0.0,0.0,0.0007200000000011642,0,0.01,5
0,80,0,0.0,0.0,0.0005540000000223699,0,0.01,5
0,80,0,0.0,0.0,0.0006189999999719475,0,0.01,5
0,80,0,0.0,0.0,0.001010000000007949,0,0.01,5
0,80,0,0.0,0.0,0.0008639999999786596,0,0.01,5
0,80,0,0.0,0.0,0.0005850000000009459,0,0.01,5
0,80,0,0.0,0.0,0.0007650000000012369,0,0.01,5
0,80,0,0.0,0.0,0.0008040000000164582,0,0.01,5
0,80,0,0.0,0.0,0.0007250000000453838,0,0.01,5
0,80,0,0.0,0.0,0.0007899999999949614,0,0.01,5
0,80,0,0.0,0.0,0.0016279999999824213,0,0.01,5
0,80,0,0.0,0.0,0.0010180000000445943,0,0.01,5
0,80,0,0.0,0.0,0.0008050000000139335,0,0.01,5
0,80,0,0.0,0.0,0.0008879999999749089,0,0.01,5
0,80,0,0.0,0.0,0.0009049999999888314,0,0.01,5
0,80,0,0.0,0.0,0.0011470000000031177,0,0.01,5
0,80,0,0.0,0.0,0.000803000000018983,0,0.01,5
0,80,0,0.0,0.0,0.0008129999999937354,0,0.01,5
0,80,0,0.0,0.0,0.0008389999999849351,0,0.01,5
0,80,0,0.0,0.0,0.0006390000000351392,0,0.01,5
0,80,0,0.0,0.0,0.0008880000000317523,0,0.01,5
0,80,0,0.0,0.0,0.0007880000000000109,0,0.01,5
0,80,0,0.0,0.0,0.0008200000000329055,0,0.01,5
0,80,0,0.0,0.0,0.0006740000000036162,0,0.01,5
0,80,0,0.0,0.0,0.0006020000000148684,0,0.01,5
0,80,0,0.0,0.0,0.0007449999999948886,0,0.01,5
0,80,0,0.0,0.0,0.0007600000000138607,0,0.01,5
0,80,0,0.0,0.0,0.0010040000000230975,0,0.01,5
0,80,0,0.0,0.0,0.0006379999999808206,0,0.01,5
0,80,0,0.0,0.0,0.0006269999999517495,0,0.01,5
0,80,0,0.0,0.0,0.0006900000000200635,0,0.01,5
0,80,0,0.0,0.0,0.0007759999999734646,0,0.01,5
0,80,0,0.0,0.0,0.001063999999985299,0,0.01,5
0,80,0,0.0,0.0,0.000987000000009175,0,0.01,5
0,80,0,0.0,0.0,0.0007379999999557185,0,0.01,5
0,80,0,0.0,0.0,0.0005840000000034706,0,0.01,5
0,80,0,0.0,0.0,0.0005879999999933716,0,0.01,5
0,80,0,0.0,0.0,0.0011850000000208638,0,0.01,5
0,80,0,0.0,0.0,0.0008629999999811844,0,0.01,5
0,80,0,0.0,0.0,0.0008740000000102555,0,0.01,5
0,80,0,0.0,0.0,0.0008770000000026812,0,0.01,5
0,80,0,0.0,0.0,0.0009249999999951797,0,0.01,5
0,80,0,0.0,0.0,0.0008330000000000837,0,0.01,5
0,80,0,0.0,0.0,0.0006040000000098189,0,0.01,5
0,80,0,0.0,0.0,0.0008169999999836364,0,0.01,5
0,80,0,0.0,0.0,0.0006290000000035434,0,0.01,5
0,80,0,0.0,0.0,0.0009420000000091022,0,0.01,5
0,80,0,0.0,0.0,0.0006129999999870961,0,0.01,6
0,80,0,0.0,0.0,0.0006750000000010914,0,0.01,6
0,80,0,0.0,0.0,0.0007580000000189102,0,0.01,6
0,80,0,0.0,0.0,0.0009900000000016007,0,0.01,6
0,80,0,0.0,0.0,0.0007390000000100372,0,0.01,6
0,80,0,0.0,0.0,0.0007049999999821921,0,0.01,6
0,80,0,0.0,0.0,0.0009039999999913562,0,0.01,6
0,80,0,0.0,0.0,0.0009969999999839274,0,0.01,6
0,80,0,0.0,0.0,0.0007889999999974862,0,0.01,6
0,80,0,0.0,0.0,0.0007969999999772881,0,0.01,6
0,80,0,0.0,0.0,0.0006940000000099644,0,0.01,6
0,80,0,0.0,0.0,0.000528999999971802,0,0.01,6
0,80,0,0.0,0.0,0.000998999999978878,0,0.01,6
0,80,0,0.0,0.0,0.0008349999999950342,0,0.01,6
0,80,0,0.0,0.0,0.001266999999984364,0,0.01,6
0,80,0,0.0,0.0,0.000964000000010401,0,0.01,6
0,80,0,0.0,0.0,0.0006710000000111904,0,0.01,6
0,80,0,0.0,0.0,0.0007410000000049877,0,0.01,6
0,80,0,0.0,0.0,0.0007330000000251857,0,0.01,6
0,80,0,0.0,0.0,0.0006870000000276377,0,0.01,6
0,80,0,0.0,0.0,0.0007139999999594693,0,0.01,6
0,80,0,0.0,0.0,0.0005590000000097461,0,0.01,6
0,80,0,0.0,0.0,0.0008159999999861611,0,0.01,6
0,80,0,0.0,0.0,0.0006699999999568718,0,0.01,6
0,80,0,0.0,0.0,0.001607999999976073,0,0.01,6
0,80,0,0.0,0.0,0.0005459999999857246,0,0.01,6
0,80,0,0.0,0.0,0.0011470000000031177,0,0.01,6
0,80,0,0.0,0.0,0.0006060000000047694,0,0.01,6
0,80,0,0.0,0.0,0.0012009999999804677,0,0.01,6
0,80,0,0.0,0.0,0.0006099999999946704,0,0.01,6
0,80,0,0.0,0.0,0.0006460000000174659,0,0.01,6
0,80,0,0.0,0.0,0.0006139999999845713,0,0.01,6
0,80,0,0.0,0.0,0.0010899999999764987,0,0.01,6
0,80,0,0.0,0.0,0.0008829999999875326,0,0.01,6
0,80,0,0.0,0.0,0.0006399999999757711,0,0.01,6
0,80,0,0.0,0.0,0.0009190000000103282,0,0.01,6
0,80,0,0.0,0.0,0.0010939999999663996,0,0.01,6
0,80,0,0.0,0.0,0.0006609999999795946,0,0.01,6
0,80,0,0.0,0.0,0.0007310000000302352,0,0.01,6
0,80,0,0.0,0.0,0.0005980000000249674,0,0.01,6
0,80,0,0.0,0.0,0.0010680000000320433,0,0.01,6
0,80,0,0.0,0.0,0.0009269999999901302,0,0.01,6
0,80,0,0.0,0.0,0.0009519999999838547,0,0.01,6
0,80,0,0.0,0.0,0.0009739999999851534,0,0.01,6
0,80,0,0.0,0.0,0.0011809999999741194,0,0.01,6
0,80,0,0.0,0.0,0.0007560000000239597,0,0.01,6
0,80,0,0.0,0.0,0.000726000000042859,0,0.01,6
0,80,0,0.0,0.0,0.0007370000000150867,0,0.01,6
0,80,0,0.0,0.0,0.0005729999999743995,0,0.01,6
0,80,0,0.0,0.0,0.0009230000000002292,0,0.01,6
0,80,0,0.0,0.0,0.0011010000000055697,0,0.01,6
0,80,0,0.0,0.0,0.0006869999999707943,0,0.01,6
0,80,0,0.0,0.0,0.0011660000000119908,0,0.01,6
0,80,0,0.0,0.0,0.0006000000000199179,0,0.01,6
0,80,0,0.0,0.0,0.0005799999999567262,0,0.01,6
0,80,0,0.0,0.0,0.0008940000000166037,0,0.01,6
0,80,0,0.0,0.0,0.0006579999999871688,0,0.01,6
0,80,0,0.0,0.0,0.0008200000000329055,0,0.01,6
0,80,0,0.0,0.0,0.0009159999999610591,0,0.01,6
0,80,0,0.0,0.0,0.0006750000000010914,0,0.01,6
0,80,0,0.0,0.0,0.000670999999954347,0,0.01,6
0,80,0,0.0,0.0,0.0005959999999731735,0,0.01,6
0,80,0,0.0,0.0,0.00073000000003276,0,0.01,6
0,80,0,0.0,0.0,0.0009869999999523316,0,0.01,6
0,80,0,0.0,0.0,0.0007659999999987122,0,0.01,6
0,80,0,0.0,0.0,0.0010580000000004475,0,0.01,6
0,80,0,0.0,0.0,0.001007999999956155,0,0.01,6
0,80,0,0.0,0.0,0.0008359999999925094,0,0.01,6
0,80,0,0.0,0.0,0.0008409999999798856,0,0.01,6
0,80,0,0.0,0.0,0.0006869999999707943,0,0.01,6
0,80,0,0.0,0.0,0.0007289999999784413,0,0.01,6
0,80,0,0.0,0.0,0.0006470000000149412,0,0.01,6
0,80,0,0.0,0.0,0.0008199999999760621,0,0.01,6
0,80,0,0.0,0.0,0.0006870000000276377,0,0.01,6
0,80,0,0.0,0.0,0.0007610000000113359,0,0.01,6
0,80,0,0.0,0.0,0.00101399999999785,0,0.01,6
0,80,0,0.0,0.0,0.0011809999999741194,0,0.01,6
0,80,0,0.0,0.0,0.0009019999999964057,0,0.01,6
0,80,0,0.0,0.0,0.0008090000000038344,0,0.01,6
0,80,0,0.0,0.0,0.0008159999999861611,0,0.01,6
0,80,0,0.0,0.0,0.0012270000000285108,0,0.01,6
0,80,0,0.0,0.0,0.0009029999999938809,0,0.01,6
0,80,0,0.0,0.0,0.0005770000000211439,0,0.01,6
0,80,0,0.0,0.0,0.0017450000000280852,0,0.01,6
0,80,0,0.0,0.0,0.0007179999999493702,0,0.01,6
0,80,0,0.0,0.0,0.0006559999999922184,0,0.01,6
0,80,0,0.0,0.0,0.0007170000000087384,0,0.01,6
0,80,0,0.0,0.0,0.0009029999999938809,0,0.01,6
0,80,0,0.0,0.0,0.0011279999999942447,0,0.01,6
0,80,0,0.0,0.0,0.0011079999999878964,0,0.01,6
0,80,0,0.0,0.0,0.0011910000000057153,0,0.01,6
0,80,0,0.0,0.0,0.0007689999999911379,0,0.01,6
0,80,0,0.0,0.0,0.0005939999999782231,0,0.01,6
0,80,0,0.0,0.0,0.0006559999999922184,0,0.01,6
0,80,0,0.0,0.0,0.0009969999999839274,0,0.01,6
0,80,0,0.0,0.0,0.0008889999999723841,0,0.01,6
0,80,0,0.0,0.0,0.001259000000004562,0,0.01,6
0,80,0,0.0,0.0,0.0007039999999847169,0,0.01,6
0,80,0,0.0,0.0,0.0012760000000184846,0,0.01,6
0,80,0,0.0,0.0,0.0008740000000102555,0,0.01,6
0,80,0,0.0,0.0,0.0009760000000369473,0,0.01,7
0,80,0,0.0,0.0,0.0007669999999961874,0,0.01,7
0,80,0,0.0,0.0,0.0017970000000104847,0,0.01,7
0,80,0,0.0,0.0,0.0008449999999697866,0,0.01,7
0,80,0,0.0,0.0,0.0012800000000083855,0,0.01,7
0,80,0,0.0,0.0,0.0007850000000075852,0,0.01,7
0,80,0,0.0,0.0,0.0010659999999802494,0,0.01,7
0,80,0,0.0,0.0,0.0006230000000186919,0,0.01,7
0,80,0,0.0,0.0,0.0013370000000350046,0,0.01,7
0,80,0,0.0,0.0,0.0005949999999756983,0,0.01,7
0,80,0,0.0,0.0,0.0007840000000101099,0,0.01,7
0,80,0,0.0,0.0,0.000822000000027856,0,0.01,7
0,80,0,0.0,0.0,0.0006390000000351392,0,0.01,7
0,80,0,0.0,0.0,0.0006630000000313885,0,0.01,7
0,80,0,0.0,0.0,0.0011650000000145155,0,0.01,7
0,80,0,0.0,0.0,0.0011010000000055697,0,0.01,7
0,80,0,0.0,0.0,0.0009259999999926549,0,0.01,7
0,80,0,0.0,0.0,0.0007330000000251857,0,0.01,7
0,80,0,0.0,0.0,0.0007519999999772153,0,0.01,7
0,80,0,0.0,0.0,0.0012739999999666907,0,0.01,7
0,80,0,0.0,0.0,0.0006030000000123437,0,0.01,7
0,80,0,0.0,0.0,0.0013079999999945358,0,0.01,7
0,80,0,0.0,0.0,0.0013339999999857355,0,0.01,7
0,80,0,0.0,0.0,0.0010510000000181208,0,0.01,7
0,80,0,0.0,0.0,0.0010800000000017462,0,0.01,7
0,80,0,0.0,0.0,0.0010270000000218715,0,0.01,7
0,80,0,0.0,0.0,0.0007360000000176115,0,0.01,7
0,80,0,0.0,0.0,0.00073000000003276,0,0.01,7
0,80,0,0.0,0.0,0.0008740000000102555,0,0.01,7
0,80,0,0.0,0.0,0.0007009999999922911,0,0.01,7
0,80,0,0.0,0.0,0.0011290000000485634,0,0.01,7
0,80,0,0.0,0.0,0.001002000000028147,0,0.01,7
0,80,0,0.0,0.0,0.0009739999999851534,0,0.01,7
0,80,0,0.0,0.0,0.0006740000000036162,0,0.01,7
0,80,0,0.0,0.0,0.0012269999999716674,0,0.01,7
0,80,0,0.0,0.0,0.0015300000000024738,0,0.01,7
0,80,0,0.0,0.0,0.0008249999999634383,0,0.01,7
0,80,0,0.0,0.0,0.0008840000000418513,0,0.01,7
0,80,0,0.0,0.0,0.0023830000000089058,0,0.01,7
0,80,0,0.0,0.0,0.0009039999999913562,0,0.01,7
0,80,0,0.0,0.0,0.0011549999999829197,0,0.01,7
0,80,0,0.0,0.0,0.0009599999999636566,0,0.01,7
0,80,0,0.0,0.0,0.001155999999980395,0,0.01,7
0,80,0,0.0,0.0,0.0008750000000077307,0,0.01,7
0,80,0,0.0,0.0,0.0007449999999948886,0,0.01,7
0,80,0,0.0,0.0,0.0011759999999867432,0,0.01,7
0,80,0,0.0,0.0,0.000596000000030017,0,0.01,7
0,80,0,0.0,0.0,0.0006789999999909924,0,0.01,7
0,80,0,0.0,0.0,0.0009850000000142245,0,0.01,7
0,80,0,0.0,0.0,0.0006030000000123437,0,0.01,7
0,80,0,0.0,0.0,0.0010699999999701504,0,0.01,7
0,80,0,0.0,0.0,0.0008710000000178297,0,0.01,7
0,80,0,0.0,0.0,0.0007549999999696411,0,0.01,7
0,80,0,0.0,0.0,0.0007439999999974134,0,0.01,7
0,80,0,0.0,0.0,0.0007810000000176842,0,0.01,7
0,80,0,0.0,0.0,0.0007669999999961874,0,0.01,7
0,80,0,0.0,0.0,0.0012150000000019645,0,0.01,7
0,80,0,0.0,0.0,0.0012419999999906395,0,0.01,7
0,80,0,0.0,0.0,0.0008789999999976317,0,0.01,7
0,80,0,0.0,0.0,0.0009210000000052787,0,0.01,7
0,80,0,0.0,0.0,0.000945000000001528,0,0.01,7
0,80,0,0.0,0.0,0.0008199999999760621,0,0.01,7
0,80,0,0.0,0.0,0.0009459999999990032,0,0.01,7
0,80,0,0.0,0.0,0.0005639999999971224,0,0.01,7
0,80,0,0.0,0.0,0.0009959999999864522,0,0.01,7
0,80,0,0.0,0.0,0.0009130000000254768,0,0.01,7
0,80,0,0.0,0.0,0.0014249999999833562,0,0.01,7
0,80,0,0.0,0.0,0.001289999999983138,0,0.01,7
0,80,0,0.0,0.0,0.0008829999999875326,0,0.01,7
0,80,0,0.0,0.0,0.001017999999987751,0,0.01,7
0,80,0,0.0,0.0,0.0012299999999640931,0,0.01,7
0,80,0,0.0,0.0,0.0007400000000075124,0,0.01,7
0,80,0,0.0,0.0,0.0010680000000320433,0,0.01,7
0,80,0,0.0,0.0,0.0007229999999935899,0,0.01,7
0,80,0,0.0,0.0,0.0012370000000032633,0,0.01,7
0,80,0,0.0,0.0,0.0008470000000215805,0,0.01,7
0,80,0,0.0,0.0,0.0008440000000291548,0,0.01,7
0,80,0,0.0,0.0,0.000918000000012853,0,0.01,7
0,80,0,0.0,0.0,0.0009089999999787324,0,0.01,7
0,80,0,0.0,0.0,0.0016150000000152431,0,0.01,7
0,80,0,0.0,0.0,0.0011499999999955435,0,0.01,7
0,80,0,0.0,0.0,0.0007600000000138607,0,0.01,7
0,80,0,0.0,0.0,0.0007159999999544198,0,0.01,7
0,80,0,0.0,0.0,0.000753000000031534,0,0.01,7
0,80,0,0.0,0.0,0.001216999999996915,0,0.01,7
0,80,0,0.0,0.0,0.0016969999999787433,0,0.01,7
0,80,0,0.0,0.0,0.0011299999999891952,0,0.01,7
0,80,0,0.0,0.0,0.0007400000000075124,0,0.01,7
0,80,0,0.0,0.0,0.0009039999999913562,0,0.01,7
0,80,0,0.0,0.0,0.0006050000000072941,0,0.01,7
0,80,0,0.0,0.0,0.0010169999999902757,0,0.01,7
0,80,0,0.0,0.0,0.0007590000000163855,0,0.01,7
0,80,0,0.0,0.0,0.0009990000000357213,0,0.01,7
0,80,0,0.0,0.0,0.0008710000000178297,0,0.01,7
0,80,0,0.0,0.0,0.0012619999999969878,0,0.01,7
0,80,0,0.0,0.0,0.0006550000000515865,0,0.01,7
0,80,0,0.0,0.0,0.0014610000000061518,0,0.01,7
0,80,0,0.0,0.0,0.0012139999999476458,0,0.01,7
0,80,0,0.0,0.0,0.0008669999999710853,0,0.01,7
0,80,0,0.0,0.0,0.0010470000000282198,0,0.01,7
0,80,0,0.0,0.0,0.0007410000000049877,0,0.01,8
0,80,0,0.0,0.0,0.0009960000000432956,0,0.01,8
0,80,0,0.0,0.0,0.0009590000000230248,0,0.01,8
0,80,0,0.0,0.0,0.0010580000000004475,0,0.01,8
0,80,0,0.0,0.0,0.0006649999999694955,0,0.01,8
0,80,0,0.0,0.0,0.0014679999999884785,0,0.01,8
0,80,0,0.0,0.0,0.0007909999999924366,0,0.01,8
0,80,0,0.0,0.0,0.00080499999995709,0,0.01,8
0,80,0,0.0,0.0,0.0008190000000354303,0,0.01,8
0,80,0,0.0,0.0,0.001902999999970234,0,0.01,8
0,80,0,0.0,0.0,0.001439000000004853,0,0.01,8
0,80,0,0.0,0.0,0.001205999999967844,0,0.01,8
0,80,0,0.0,0.0,0.000994000000048345,0,0.01,8
0,80,0,0.0,0.0,0.0011259999999992942,0,0.01,8
0,80,0,0.0,0.0,0.0008809999999925822,0,0.01,8
0,80,0,0.0,0.0,0.0009089999999787324,0,0.01,8
0,80,0,0.0,0.0,0.0017220000000293112,0,0.01,8
0,80,0,0.0,0.0,0.0006970000000023902,0,0.01,8
0,80,0,0.0,0.0,0.0011489999999980682,0,0.01,8
0,80,0,0.0,0.0,0.0007919999999899119,0,0.01,8
0,80,0,0.0,0.0,0.0012029999999754182,0,0.01,8
0,80,0,0.0,0.0,0.001109000000042215,0,0.01,8
0,80,0,0.0,0.0,0.0008960000000115542,0,0.01,8
0,80,0,0.0,0.0,0.0007060000000365108,0,0.01,8
0,80,0,0.0,0.0,0.001262999999994463,0,0.01,8
0,80,0,0.0,0.0,0.0007790000000227337,0,0.01,8
0,80,0,0.0,0.0,0.0008259999999609136,0,0.01,8
0,80,0,0.0,0.0,0.0007610000000113359,0,0.01,8
0,80,0,0.0,0.0,0.0008250000000202817,0,0.01,8
0,80,0,0.0,0.0,0.0011230000000068685,0,0.01,8
0,80,0,0.0,0.0,0.0008150000000455293,0,0.01,8
0,80,0,0.0,0.0,0.0009029999999938809,0,0.01,8
0,80,0,0.0,0.0,0.0006339999999909196,0,0.01,8
0,80,0,0.0,0.0,0.001048000000025695,0,0.01,8
0,80,0,0.0,0.0,0.0007909999999924366,0,0.01,8
0,80,0,0.0,0.0,0.0010930000000257678,0,0.01,8
0,80,0,0.0,0.0,0.0008540000000039072,0,0.01,8
0,80,0,0.0,0.0,0.0017509999999560932,0,0.01,8
0,80,0,0.0,0.0,0.000665000000026339,0,0.01,8
0,80,0,0.0,0.0,0.0009999999999763531,0,0.01,8
0,80,0,0.0,0.0,0.001148000000000593,0,0.01,8
0,80,0,0.0,0.0,0.0008470000000215805,0,0.01,8
0,80,0,0.0,0.0,0.0015519999999469292,0,0.01,8
0,80,0,0.0,0.0,0.0009159999999610591,0,0.01,8
0,80,0,0.0,0.0,0.0008349999999950342,0,0.01,8
0,80,0,0.0,0.0,0.0007840000000101099,0,0.01,8
0,80,0,0.0,0.0,0.0011309999999866704,0,0.01,8
0,80,0,0.0,0.0,0.0009969999999839274,0,0.01,8
0,80,0,0.0,0.0,0.000758999999959542,0,0.01,8
0,80,0,0.0,0.0,0.0011420000000157415,0,0.01,8
0,80,0,0.0,0.0,0.0007889999999974862,0,0.01,8
0,80,0,0.0,0.0,0.0007370000000150867,0,0.01,8
0,80,0,0.0,0.0,0.0007750000000328328,0,0.01,8
0,80,0,0.0,0.0,0.0010559999999486536,0,0.01,8
0,80,0,0.0,0.0,0.001182000000028438,0,0.01,8
0,80,0,0.0,0.0,0.001370000000008531,0,0.01,8
0,80,0,0.0,0.0,0.0008699999999635111,0,0.01,8
0,80,0,0.0,0.0,0.000753000000031534,0,0.01,8
0,80,0,0.0,0.0,0.0007669999999961874,0,0.01,8
0,80,0,0.0,0.0,0.0013680000000135806,0,0.01,8
0,80,0,0.0,0.0,0.0013909999999555112,0,0.01,8
0,80,0,0.0,0.0,0.000876000000005206,0,0.01,8
0,80,0,0.0,0.0,0.000922000000002754,0,0.01,8
0,80,0,0.0,0.0,0.0017770000000041364,0,0.01,8
0,80,0,0.0,0.0,0.0008330000000000837,0,0.01,8
0,80,0,0.0,0.0,0.0007770000000277832,0,0.01,8
0,80,0,0.0,0.0,0.0008269999999583888,0,0.01,8
0,80,0,0.0,0.0,0.0006889999999657448,0,0.01,8
0,80,0,0.0,0.0,0.0008190000000354303,0,0.01,8
0,80,0,0.0,0.0,0.0007039999999847169,0,0.01,8
0,80,0,0.0,0.0,0.00101399999999785,0,0.01,8
0,80,0,0.0,0.0,0.0009529999999813299,0,0.01,8
0,80,0,0.0,0.0,0.0007269999999834909,0,0.01,8
0,80,0,0.0,0.0,0.0007960000000366563,0,0.01,8
0,80,0,0.0,0.0,0.0008339999999975589,0,0.01,8
0,80,0,0.0,0.0,0.0007029999999872416,0,0.01,8
0,80,0,0.0,0.0,0.0007099999999695683,0,0.01,8
0,80,0,0.0,0.0,0.0007290000000352848,0,0.01,8
0,80,0,0.0,0.0,0.0009299999999825559,0,0.01,8
0,80,0,0.0,0.0,0.0008620000000405525,0,0.01,8
0,80,0,0.0,0.0,0.0010130000000003747,0,0.01,8
0,80,0,0.0,0.0,0.0010389999999915744,0,0.01,8
0,80,0,0.0,0.0,0.0009289999999850806,0,0.01,8
0,80,0,0.0,0.0,0.0010359999999991487,0,0.01,8
0,80,0,0.0,0.0,0.0008890000000292275,0,0.01,8
0,80,0,0.0,0.0,0.001109999999982847,0,0.01,8
0,80,0,0.0,0.0,0.0008869999999774336,0,0.01,8
0,80,0,0.0,0.0,0.0011230000000068685,0,0.01,8
0,80,0,0.0,0.0,0.0008280000000127075,0,0.01,8
0,80,0,0.0,0.0,0.0008119999999962602,0,0.01,8
0,80,0,0.0,0.0,0.0008040000000164582,0,0.01,8
0,80,0,0.0,0.0,0.0008869999999774336,0,0.01,8
0,80,0,0.0,0.0,0.0018039999999928114,0,0.01,8
0,80,0,0.0,0.0,0.001059999999995398,0,0.01,8
0,80,0,0.0,0.0,0.0008789999999976317,0,0.01,8
0,80,0,0.0,0.0,0.0007749999999759893,0,0.01,8
0,80,0,0.0,0.0,0.0011810000000309628,0,0.01,8
0,80,0,0.0,0.0,0.0007219999999961146,0,0.01,8
0,80,0,0.0,0.0,0.0009210000000052787,0,0.01,8
0,80,0,0.0,0.0,0.0008970000000090295,0,0.01,8
0,80,0,0.0,0.0,0.0014459999999871798,0,0.01,9
0,80,0,0.0,0.0,0.0011870000000158143,0,0.01,9
0,80,0,0.0,0.0,0.001094000000023243,0,0.01,9
0,80,0,0.0,0.0,0.0009000000000014552,0,0.01,9
0,80,0,0.0,0.0,0.0013479999999503889,0,0.01,9
0,80,0,0.0,0.0,0.0012960000000248328,0,0.01,9
0,80,0,0.0,0.0,0.0015240000000176224,0,0.01,9
0,80,0,0.0,0.0,0.0010659999999802494,0,0.01,9
0,80,0,0.0,0.0,0.001316999999971813,0,0.01,9
0,80,0,0.0,0.0,0.0013799999999832835,0,0.01,9
0,80,0,0.0,0.0,0.0013219999999591892,0,0.01,9
0,80,0,0.0,0.0,0.0009069999999837819,0,0.01,9
0,80,0,0.0,0.0,0.000876000000005206,0,0.01,9
0,80,0,0.0,0.0,0.0011049999999954707,0,0.01,9
0,80,0,0.0,0.0,0.0017560000000003129,0,0.01,9
0,80,0,0.0,0.0,0.0008949999999572356,0,0.01,9
0,80,0,0.0,0.0,0.0008219999999710126,0,0.01,9
0,80,0,0.0,0.0,0.0008190000000354303,0,0.01,9
0,80,0,0.0,0.0,0.0009939999999915017,0,0.01,9
0,80,0,0.0,0.0,0.0008839999999850079,0,0.01,9
0,80,0,0.0,0.0,0.0015930000000139444,0,0.01,9
0,80,0,0.0,0.0,0.0013550000000464024,0,0.01,9
0,80,0,0.0,0.0,0.0009999999999763531,0,0.01,9
0,80,0,0.0,0.0,0.0017139999999926658,0,0.01,9
0,80,0,0.0,0.0,0.002073999999993248,0,0.01,9
0,80,0,0.0,0.0,0.0010259999999675529,0,0.01,9
0,80,0,0.0,0.0,0.0008550000000013824,0,0.01,9
0,80,0,0.0,0.0,0.0007820000000151595,0,0.01,9
0,80,0,0.0,0.0,0.001105999999992946,0,0.01,9
0,80,0,0.0,0.0,0.0007219999999961146,0,0.01,9
0,80,0,0.0,0.0,0.0012720000000285836,0,0.01,9
0,80,0,0.0,0.0,0.0012869999999907122,0,0.01,9
0,80,0,0.0,0.0,0.0008669999999710853,0,0.01,9
0,80,0,0.0,0.0,0.0017389999999863903,0,0.01,9
0,80,0,0.0,0.0,0.001036999999996624,0,0.01,9
0,80,0,0.0,0.0,0.0007840000000101099,0,0.01,9
0,80,0,0.0,0.0,0.001082999999994172,0,0.01,9
0,80,0,0.0,0.0,0.0009249999999951797,0,0.01,9
0,80,0,0.0,0.0,0.0009009999999989304,0,0.01,9
0,80,0,0.0,0.0,0.0009720000000470463,0,0.01,9
0,80,0,0.0,0.0,0.0011319999999841457,0,0.01,9
0,80,0,0.0,0.0,0.0009520000000406981,0,0.01,9
0,80,0,0.0,0.0,0.0012959999999679894,0,0.01,9
0,80,0,0.0,0.0,0.0007959999999798129,0,0.01,9
0,80,0,0.0,0.0,0.0007939999999848624,0,0.01,9
0,80,0,0.0,0.0,0.0009129999999686333,0,0.01,9
0,80,0,0.0,0.0,0.0008609999999862339,0,0.01,9
0,80,0,0.0,0.0,0.000726000000042859,0,0.01,9
0,80,0,0.0,0.0,0.0013490000000047075,0,0.01,9
0,80,0,0.0,0.0,0.000918000000012853,0,0.01,9
0,80,0,0.0,0.0,0.0012340000000108375,0,0.01,9
0,80,0,0.0,0.0,0.0014530000000263499,0,0.01,9
0,80,0,0.0,0.0,0.0008919999999648098,0,0.01,9
0,80,0,0.0,0.0,0.0008139999999912106,0,0.01,9
0,80,0,0.0,0.0,0.0007700000000454565,0,0.01,9
0,80,0,0.0,0.0,0.0015889999999672,0,0.01,9
0,80,0,0.0,0.0,0.0007319999999708671,0,0.01,9
0,80,0,0.0,0.0,0.001174999999989268,0,0.01,9
0,80,0,0.0,0.0,0.0006910000000175387,0,0.01,9
0,80,0,0.0,0.0,0.0009689999999977772,0,0.01,9
0,80,0,0.0,0.0,0.0007470000000466825,0,0.01,9
0,80,0,0.0,0.0,0.0011390000000233158,0,0.01,9
0,80,0,0.0,0.0,0.0022400000000288856,0,0.01,9
0,80,0,0.0,0.0,0.001197999999988042,0,0.01,9
0,80,0,0.0,0.0,0.0017909999999687898,0,0.01,9
0,80,0,0.0,0.0,0.001010000000007949,0,0.01,9
0,80,0,0.0,0.0,0.0011140000000295913,0,0.01,9
0,80,0,0.0,0.0,0.0006999999999948159,0,0.01,9
0,80,0,0.0,0.0,0.0007599999999570173,0,0.01,9
0,80,0,0.0,0.0,0.0008889999999723841,0,0.01,9
0,80,0,0.0,0.0,0.0007190000000036889,0,0.01,9
0,80,0,0.0,0.0,0.0012889999999856627,0,0.01,9
0,80,0,0.0,0.0,0.0011000000000080945,0,0.01,9
0,80,0,0.0,0.0,0.0013009999999553656,0,0.01,9
0,80,0,0.0,0.0,0.0007319999999708671,0,0.01,9
0,80,0,0.0,0.0,0.0008579999999938082,0,0.01,9
0,80,0,0.0,0.0,0.0009650000000078762,0,0.01,9
0,80,0,0.0,0.0,0.0009239999999977044,0,0.01,9
0,80,0,0.0,0.0,0.0008080000000063592,0,0.01,9
0,80,0,0.0,0.0,0.0009400000000141517,0,0.01,9
0,80,0,0.0,0.0,0.002679000000000542,0,0.01,9
0,80,0,0.0,0.0,0.0012120000000095388,0,0.01,9
0,80,0,0.0,0.0,0.0011470000000031177,0,0.01,9
0,80,0,0.0,0.0,0.0007410000000049877,0,0.01,9
0,80,0,0.0,0.0,0.0007420000000024629,0,0.01,9
0,80,0,0.0,0.0,0.0013850000000275031,0,0.01,9
0,80,0,0.0,0.0,0.0011659999999551474,0,0.01,9
0,80,0,0.0,0.0,0.0012210000000436594,0,0.01,9
0,80,0,0.0,0.0,0.0007469999999898391,0,0.01,9
0,80,0,0.0,0.0,0.0008240000000228065,0,0.01,9
0,80,0,0.0,0.0,0.001144000000010692,0,0.01,9
0,80,0,0.0,0.0,0.0008889999999723841,0,0.01,9
0,80,0,0.0,0.0,0.0006989999999973406,0,0.01,9
0,80,0,0.0,0.0,0.001079000000004271,0,0.01,9
0,80,0,0.0,0.0,0.0013079999999945358,0,0.01,9
0,80,0,0.0,0.0,0.0009630000000129257,0,0.01,9
0,80,0,0.0,0.0,0.0013490000000047075,0,0.01,9
0,80,0,0.0,0.0,0.0008320000000026084,0,0.01,9
0,80,0,0.0,0.0,0.0011819999999715947,0,0.01,9
0,80,0,0.0,0.0,0.0007390000000100372,0,0.01,9
0,80,0,0.0,0.0,0.001366999999959262,0,0.01,10
0,80,0,0.0,0.0,0.0008879999999749089,0,0.01,10
0,80,0,0.0,0.0,0.0010960000000181935,0,0.01,10
0,80,0,0.0,0.0,0.0014459999999871798,0,0.01,10
0,80,0,0.0,0.0,0.0010199999999827014,0,0.01,10
0,80,0,0.0,0.0,0.0009249999999951797,0,0.01,10
0,80,0,0.0,0.0,0.0008190000000354303,0,0.01,10
0,80,0,0.0,0.0,0.0009500000000457476,0,0.01,10
0,80,0,0.0,0.0,0.0010650000000396176,0,0.01,10
0,80,0,0.0,0.0,0.0012920000000349319,0,0.01,10
0,80,0,0.0,0.0,0.001454999999964457,0,0.01,10
0,80,0,0.0,0.0,0.0011739999999917927,0,0.01,10
0,80,0,0.0,0.0,0.0016249999999899956,0,0.01,10
0,80,0,0.0,0.0,0.0008799999999951069,0,0.01,10
0,80,0,0.0,0.0,0.0010350000000016735,0,0.01,10
0,80,0,0.0,0.0,0.0008930000000191285,0,0.01,10
0,80,0,0.0,0.0,0.0010499999999638021,0,0.01,10
0,80,0,0.0,0.0,0.0009409999999547836,0,0.01,10
0,80,0,0.0,0.0,0.0015450000000214459,0,0.01,10
0,80,0,0.0,0.0,0.0014530000000263499,0,0.01,10
0,80,0,0.0,0.0,0.0008280000000127075,0,0.01,10
0,80,0,0.0,0.0,0.0009590000000230248,0,0.01,10
0,80,0,0.0,0.0,0.0008230000000253312,0,0.01,10
0,80,0,0.0,0.0,0.0008579999999938082,0,0.01,10
0,80,0,0.0,0.0,0.0014460000000440232,0,0.01,10
0,80,0,0.0,0.0,0.0011890000000107648,0,0.01,10
0,80,0,0.0,0.0,0.0014360000000124273,0,0.01,10
0,80,0,0.0,0.0,0.0015650000000277942,0,0.01,10
0,80,0,0.0,0.0,0.00125100000002476,0,0.01,10
0,80,0,0.0,0.0,0.0013559999999870342,0,0.01,10
0,80,0,0.0,0.0,0.0009019999999964057,0,0.01,10
0,80,0,0.0,0.0,0.0009000000000014552,0,0.01,10
0,80,0,0.0,0.0,0.0008050000000139335,0,0.01,10
0,80,0,0.0,0.0,0.0011690000000044165,0,0.01,10
0,80,0,0.0,0.0,0.001702000000022963,0,0.01,10
0,80,0,0.0,0.0,0.001148000000000593,0,0.01,10
0,80,0,0.0,0.0,0.001025000000026921,0,0.01,10
0,80,0,0.0,0.0,0.0008599999999887586,0,0.01,10
0,80,0,0.0,0.0,0.0008119999999962602,0,0.01,10
0,80,0,0.0,0.0,0.0018200000000092587,0,0.01,10
0,80,0,0.0,0.0,0.0009780000000318978,0,0.01,10
0,80,0,0.0,0.0,0.0009259999999926549,0,0.01,10
0,80,0,0.0,0.0,0.0014780000000200744,0,0.01,10
0,80,0,0.0,0.0,0.0010700000000269938,0,0.01,10
0,80,0,0.0,0.0,0.0009390000000166765,0,0.01,10
0,80,0,0.0,0.0,0.0015930000000139444,0,0.01,10
0,80,0,0.0,0.0,0.0011009999999487263,0,0.01,10
0,80,0,0.0,0.0,0.0012770000000159598,0,0.01,10
0,80,0,0.0,0.0,0.0019350000000031287,0,0.01,10
0,80,0,0.0,0.0,0.0016050000000404907,0,0.01,10
0,80,0,0.0,0.0,0.0011169999999651736,0,0.01,10
0,80,0,0.0,0.0,0.000994999999988977,0,0.01,10
0,80,0,0.0,0.0,0.0007749999999759893,0,0.01,10
0,80,0,0.0,0.0,0.0009069999999837819,0,0.01,10
0,80,0,0.0,0.0,0.0014449999999897045,0,0.01,10
0,80,0,0.0,0.0,0.001561999999978525,0,0.01,10
0,80,0,0.0,0.0,0.0010010000000306718,0,0.01,10
0,80,0,0.0,0.0,0.0011230000000068685,0,0.01,10
0,80,0,0.0,0.0,0.0014980000000264226,0,0.01,10
0,80,0,0.0,0.0,0.001122999999950025,0,0.01,10
0,80,0,0.0,0.0,0.0008409999999798856,0,0.01,10
0,80,0,0.0,0.0,0.0009810000000243235,0,0.01,10
0,80,0,0.0,0.0,0.0012520000000222353,0,0.01,10
0,80,0,0.0,0.0,0.0013580000000388281,0,0.01,10
0,80,0,0.0,0.0,0.0010429999999814754,0,0.01,10
0,80,0,0.0,0.0,0.0008550000000013824,0,0.01,10
0,80,0,0.0,0.0,0.0008430000000316795,0,0.01,10
0,80,0,0.0,0.0,0.000937000000021726,0,0.01,10
0,80,0,0.0,0.0,0.0010340000000041982,0,0.01,10
0,80,0,0.0,0.0,0.0018689999999992324,0,0.01,10
0,80,0,0.0,0.0,0.0011240000000043437,0,0.01,10
0,80,0,0.0,0.0,0.0010760000000118453,0,0.01,10
0,80,0,0.0,0.0,0.0011159999999676984,0,0.01,10
0,80,0,0.0,0.0,0.0011200000000144428,0,0.01,10
0,80,0,0.0,0.0,0.0008349999999950342,0,0.01,10
0,80,0,0.0,0.0,0.0007989999999722386,0,0.01,10
0,80,0,0.0,0.0,0.001098000000013144,0,0.01,10
0,80,0,0.0,0.0,0.000998999999978878,0,0.01,10
0,80,0,0.0,0.0,0.0013190000000236068,0,0.01,10
0,80,0,0.0,0.0,0.0011830000000259133,0,0.01,10
0,80,0,0.0,0.0,0.00084500000002663,0,0.01,10
0,80,0,0.0,0.0,0.0007870000000025357,0,0.01,10
0,80,0,0.0,0.0,0.0009239999999977044,0,0.01,10
0,80,0,0.0,0.0,0.0009699999999952524,0,0.01,10
0,80,0,0.0,0.0,0.0010939999999663996,0,0.01,10
0,80,0,0.0,0.0,0.0012089999999602696,0,0.01,10
0,80,0,0.0,0.0,0.0013389999999731117,0,0.01,10
0,80,0,0.0,0.0,0.0009739999999851534,0,0.01,10
0,80,0,0.0,0.0,0.0008469999999647371,0,0.01,10
0,80,0,0.0,0.0,0.0010660000000370928,0,0.01,10
0,80,0,0.0,0.0,0.000868000000025404,0,0.01,10
0,80,0,0.0,0.0,0.0009509999999863794,0,0.01,10
0,80,0,0.0,0.0,0.0012750000000210093,0,0.01,10
0,80,0,0.0,0.0,0.0012480000000323344,0,0.01,10
0,80,0,0.0,0.0,0.0014879999999948268,0,0.01,10
0,80,0,0.0,0.0,0.0007899999999949614,0,0.01,10
0,80,0,0.0,0.0,0.0010580000000004475,0,0.01,10
0,80,0,0.0,0.0,0.0010889999999790234,0,0.01,10
0,80,0,0.0,0.0,0.0008280000000127075,0,0.01,10
0,80,0,0.0,0.0,0.0017040000000179134,0,0.01,10
0,80,0,0.0,0.0,0.000998999999978878,0,0.01,11
0,80,0,0.0,0.0,0.0009110000000305263,0,0.01,11
0,80,0,0.0,0.0,0.0010660000000370928,0,0.01,11
0,80,0,0.0,0.0,0.0010740000000168948,0,0.01,11
0,80,0,0.0,0.0,0.001017999999987751,0,0.01,11
0,80,0,0.0,0.0,0.000983000000019274,0,0.01,11
0,80,0,0.0,0.0,0.000841000000036729,0,0.01,11
0,80,0,0.0,0.0,0.0008659999999736101,0,0.01,11
0,80,0,0.0,0.0,0.0007860000000050604,0,0.01,11
0,80,0,0.0,0.0,0.0009109999999736829,0,0.01,11
0,80,0,0.0,0.0,0.0008400000000392538,0,0.01,11
0,80,0,0.0,0.0,0.0009280000000444488,0,0.01,11
0,80,0,0.0,0.0,0.0009350000000267755,0,0.01,11
0,80,0,0.0,0.0,0.0011659999999551474,0,0.01,11
0,80,0,0.0,0.0,0.001511999999991076,0,0.01,11
0,80,0,0.0,0.0,0.0016669999999976426,0,0.01,11
0,80,0,0.0,0.0,0.0008879999999749089,0,0.01,11
0,80,0,0.0,0.0,0.0008700000000203545,0,0.01,11
0,80,0,0.0,0.0,0.0011350000000334148,0,0.01,11
0,80,0,0.0,0.0,0.0015160000000378204,0,0.01,11
0,80,0,0.0,0.0,0.0013539999999920838,0,0.01,11
0,80,0,0.0,0.0,0.0009750000000394721,0,0.01,11
0,80,0,0.0,0.0,0.0009789999999725296,0,0.01,11
0,80,0,0.0,0.0,0.0011549999999829197,0,0.01,11
0,80,0,0.0,0.0,0.0009189999999534848,0,0.01,11
0,80,0,0.0,0.0,0.000781999999958316,0,0.01,11
0,80,0,0.0,0.0,0.001053999999953703,0,0.01,11
0,80,0,0.0,0.0,0.0008960000000115542,0,0.01,11
0,80,0,0.0,0.0,0.0010819999999966967,0,0.01,11
0,80,0,0.0,0.0,0.001193999999998141,0,0.01,11
0,80,0,0.0,0.0,0.0009929999999940264,0,0.01,11
0,80,0,0.0,0.0,0.0013329999999882602,0,0.01,11
0,80,0,0.0,0.0,0.0009580000000255495,0,0.01,11
0,80,0,0.0,0.0,0.0011389999999664724,0,0.01,11
0,80,0,0.0,0.0,0.0008609999999862339,0,0.01,11
0,80,0,0.0,0.0,0.0010190000000420696,0,0.01,11
0,80,0,0.0,0.0,0.0011230000000068685,0,0.01,11
0,80,0,0.0,0.0,0.0010489999999663269,0,0.01,11
0,80,0,0.0,0.0,0.001098000000013144,0,0.01,11
0,80,0,0.0,0.0,0.0011739999999917927,0,0.01,11
0,80,0,0.0,0.0,0.0016049999999836473,0,0.01,11
0,80,0,0.0,0.0,0.0014830000000074506,0,0.01,11
0,80,0,0.0,0.0,0.0012350000000083128,0,0.01,11
0,80,0,0.0,0.0,0.0011379999999689971,0,0.01,11
0,80,0,0.0,0.0,0.0011989999999855172,0,0.01,11
0,80,0,0.0,0.0,0.0010039999999662541,0,0.01,11
0,80,0,0.0,0.0,0.001063999999985299,0,0.01,11
0,80,0,0.0,0.0,0.0009959999999864522,0,0.01,11
0,80,0,0.0,0.0,0.0008109999999987849,0,0.01,11
0,80,0,0.0,0.0,0.0011410000000182663,0,0.01,11
0,80,0,0.0,0.0,0.0008510000000114815,0,0.01,11
0,80,0,0.0,0.0,0.0011140000000295913,0,0.01,11
0,80,0,0.0,0.0,0.0010419999999840002,0,0.01,11
0,80,0,0.0,0.0,0.0012990000000172586,0,0.01,11
0,80,0,0.0,0.0,0.000872000000015305,0,0.01,11
0,80,0,0.0,0.0,0.0012549999999578176,0,0.01,11
0,80,0,0.0,0.0,0.0009480000000507971,0,0.01,11
0,80,0,0.0,0.0,0.001350999999999658,0,0.01,11
0,80,0,0.0,0.0,0.0008470000000215805,0,0.01,11
0,80,0,0.0,0.0,0.001213000000007014,0,0.01,11
0,80,0,0.0,0.0,0.0010500000000206455,0,0.01,11
0,80,0,0.0,0.0,0.0009929999999940264,0,0.01,11
0,80,0,0.0,0.0,0.0008700000000203545,0,0.01,11
0,80,0,0.0,0.0,0.0011339999999790962,0,0.01,11
0,80,0,0.0,0.0,0.0009170000000153777,0,0.01,11
0,80,0,0.0,0.0,0.0012760000000184846,0,0.01,11
0,80,0,0.0,0.0,0.002108000000021093,0,0.01,11
0,80,0,0.0,0.0,0.001377999999988333,0,0.01,11
0,80,0,0.0,0.0,0.0012869999999907122,0,0.01,11
0,80,0,0.0,0.0,0.0015909999999621505,0,0.01,11
0,80,0,0.0,0.0,0.0008400000000392538,0,0.01,11
0,80,0,0.0,0.0,0.0011680000000069413,0,0.01,11
0,80,0,0.0,0.0,0.0011230000000068685,0,0.01,11
0,80,0,0.0,0.0,0.001442999999994754,0,0.01,11
0,80,0,0.0,0.0,0.001155999999980395,0,0.01,11
0,80,0,0.0,0.0,0.00118299999996907,0,0.01,11
0,80,0,0.0,0.0,0.0008660000000304535,0,0.01,11
0,80,0,0.0,0.0,0.0009130000000254768,0,0.01,11
0,80,0,0.0,0.0,0.0011109999999803222,0,0.01,11
0,80,0,0.0,0.0,0.000872000000015305,0,0.01,11
0,80,0,0.0,0.0,0.0010469999999713764,0,0.01,11
0,80,0,0.0,0.0,0.0013020000000096843,0,0.01,11
0,80,0,0.0,0.0,0.001274000000023534,0,0.01,11
0,80,0,0.0,0.0,0.0012210000000436594,0,0.01,11
0,80,0,0.0,0.0,0.000998999999978878,0,0.01,11
0,80,0,0.0,0.0,0.0011450000000081673,0,0.01,11
0,80,0,0.0,0.0,0.0009359999999674073,0,0.01,11
0,80,0,0.0,0.0,0.0009820000000217988,0,0.01,11
0,80,0,0.0,0.0,0.0013339999999857355,0,0.01,11
0,80,0,0.0,0.0,0.0013119999999844367,0,0.01,11
0,80,0,0.0,0.0,0.001209000000017113,0,0.01,11
0,80,0,0.0,0.0,0.001170999999999367,0,0.01,11
0,80,0,0.0,0.0,0.0008389999999849351,0,0.01,11
0,80,0,0.0,0.0,0.001148000000000593,0,0.01,11
0,80,0,0.0,0.0,0.0008480000000190557,0,0.01,11
0,80,0,0.0,0.0,0.0008230000000253312,0,0.01,11
0,80,0,0.0,0.0,0.0008190000000354303,0,0.01,11
0,80,0,0.0,0.0,0.0008290000000101827,0,0.01,11
0,80,0,0.0,0.0,0.001170999999999367,0,0.01,11
0,80,0,0.0,0.0,0.0008449999999697866,0,0.01,11
0,80,0,0.0,0.0,0.0011309999999866704,0,0.01,12
0,80,0,0.0,0.0,0.00164999999998372,0,0.01,12
0,80,0,0.0,0.0,0.0009469999999964784,0,0.01,12
0,80,0,0.0,0.0,0.0009630000000129257,0,0.01,12
0,80,0,0.0,0.0,0.0010780000000067957,0,0.01,12
0,80,0,0.0,0.0,0.0012879999999881875,0,0.01,12
0,80,0,0.0,0.0,0.001036999999996624,0,0.01,12
0,80,0,0.0,0.0,0.0009699999999952524,0,0.01,12
0,80,0,0.0,0.0,0.0008799999999951069,0,0.01,12
0,80,0,0.0,0.0,0.0014060000000313266,0,0.01,12
0,80,0,0.0,0.0,0.0013150000000337059,0,0.01,12
0,80,0,0.0,0.0,0.0020190000000184227,0,0.01,12
0,80,0,0.0,0.0,0.000918000000012853,0,0.01,12
0,80,0,0.0,0.0,0.001285999999993237,0,0.01,12
0,80,0,0.0,0.0,0.001426000000037675,0,0.01,12
0,80,0,0.0,0.0,0.0010580000000004475,0,0.01,12
0,80,0,0.0,0.0,0.0016720000000418622,0,0.01,12
0,80,0,0.0,0.0,0.0011180000000194923,0,0.01,12
0,80,0,0.0,0.0,0.0009820000000217988,0,0.01,12
0,80,0,0.0,0.0,0.001362999999969361,0,0.01,12
0,80,0,0.0,0.0,0.0009689999999977772,0,0.01,12
0,80,0,0.0,0.0,0.0010350000000016735,0,0.01,12
0,80,0,0.0,0.0,0.0014539999999669817,0,0.01,12
0,80,0,0.0,0.0,0.0013940000000047803,0,0.01,12
0,80,0,0.0,0.0,0.0010200000000395448,0,0.01,12
0,80,0,0.0,0.0,0.0009299999999825559,0,0.01,12
0,80,0,0.0,0.0,0.0015799999999899228,0,0.01,12
0,80,0,0.0,0.0,0.0013440000000173313,0,0.01,12
0,80,0,0.0,0.0,0.000910000000033051,0,0.01,12
0,80,0,0.0,0.0,0.0011259999999992942,0,0.01,12
0,80,0,0.0,0.0,0.0010490000000231703,0,0.01,12
0,80,0,0.0,0.0,0.0011430000000132168,0,0.01,12
0,80,0,0.0,0.0,0.0015970000000038453,0,0.01,12
0,80,0,0.0,0.0,0.0009239999999977044,0,0.01,12
0,80,0,0.0,0.0,0.0010689999999726751,0,0.01,12
0,80,0,0.0,0.0,0.0010580000000004475,0,0.01,12
0,80,0,0.0,0.0,0.0011069999999904212,0,0.01,12
0,80,0,0.0,0.0,0.0016969999999787433,0,0.01,12
0,80,0,0.0,0.0,0.0010199999999827014,0,0.01,12
0,80,0,0.0,0.0,0.0009309999999800311,0,0.01,12
0,80,0,0.0,0.0,0.0008849999999824831,0,0.01,12
0,80,0,0.0,0.0,0.000922000000002754,0,0.01,12
0,80,0,0.0,0.0,0.0010649999999827742,0,0.01,12
0,80,0,0.0,0.0,0.0014380000000073778,0,0.01,12
0,80,0,0.0,0.0,0.0012600000000020373,0,0.01,12
0,80,0,0.0,0.0,0.001105999999992946,0,0.01,12
0,80,0,0.0,0.0,0.001040999999986525,0,0.01,12
0,80,0,0.0,0.0,0.0009029999999938809,0,0.01,12
0,80,0,0.0,0.0,0.0009899999999447573,0,0.01,12
0,80,0,0.0,0.0,0.0008080000000063592,0,0.01,12
0,80,0,0.0,0.0,0.0013690000000110558,0,0.01,12
0,80,0,0.0,0.0,0.001017000000047119,0,0.01,12
0,80,0,0.0,0.0,0.0008909999999673346,0,0.01,12
0,80,0,0.0,0.0,0.001561999999978525,0,0.01,12
0,80,0,0.0,0.0,0.0009239999999977044,0,0.01,12
0,80,0,0.0,0.0,0.0012109999999552201,0,0.01,12
0,80,0,0.0,0.0,0.0013429999999630127,0,0.01,12
0,80,0,0.0,0.0,0.0014919999999847278,0,0.01,12
0,80,0,0.0,0.0,0.0011410000000182663,0,0.01,12
0,80,0,0.0,0.0,0.0016430000000013933,0,0.01,12
0,80,0,0.0,0.0,0.0011420000000157415,0,0.01,12
0,80,0,0.0,0.0,0.0013600000000337786,0,0.01,12
0,80,0,0.0,0.0,0.0009579999999687061,0,0.01,12
0,80,0,0.0,0.0,0.0014180000000010295,0,0.01,12
0,80,0,0.0,0.0,0.0011660000000119908,0,0.01,12
0,80,0,0.0,0.0,0.001393000000007305,0,0.01,12
0,80,0,0.0,0.0,0.001224999999976717,0,0.01,12
0,80,0,0.0,0.0,0.0011549999999829197,0,0.01,12
0,80,0,0.0,0.0,0.001010000000007949,0,0.01,12
0,80,0,0.0,0.0,0.000876000000005206,0,0.01,12
0,80,0,0.0,0.0,0.0008970000000090295,0,0.01,12
0,80,0,0.0,0.0,0.0011069999999904212,0,0.01,12
0,80,0,0.0,0.0,0.0010389999999915744,0,0.01,12
0,80,0,0.0,0.0,0.0013849999999706597,0,0.01,12
0,80,0,0.0,0.0,0.0015359999999873253,0,0.01,12
0,80,0,0.0,0.0,0.0010510000000181208,0,0.01,12
0,80,0,0.0,0.0,0.0010730000000194195,0,0.01,12
0,80,0,0.0,0.0,0.0012980000000197833,0,0.01,12
0,80,0,0.0,0.0,0.0014719999999783795,0,0.01,12
0,80,0,0.0,0.0,0.0013149999999768625,0,0.01,12
0,80,0,0.0,0.0,0.0014360000000124273,0,0.01,12
0,80,0,0.0,0.0,0.0010260000000243963,0,0.01,12
0,80,0,0.0,0.0,0.0010849999999891224,0,0.01,12
0,80,0,0.0,0.0,0.0011460000000056425,0,0.01,12
0,80,0,0.0,0.0,0.0008799999999951069,0,0.01,12
0,80,0,0.0,0.0,0.0013560000000438777,0,0.01,12
0,80,0,0.0,0.0,0.0012329999999565189,0,0.01,12
0,80,0,0.0,0.0,0.0010130000000003747,0,0.01,12
0,80,0,0.0,0.0,0.0010239999999726024,0,0.01,12
0,80,0,0.0,0.0,0.0014879999999948268,0,0.01,12
0,80,0,0.0,0.0,0.0010300000000142973,0,0.01,12
0,80,0,0.0,0.0,0.0015409999999747015,0,0.01,12
0,80,0,0.0,0.0,0.0012499999999704414,0,0.01,12
0,80,0,0.0,0.0,0.0011010000000055697,0,0.01,12
0,80,0,0.0,0.0,0.0011700000000018917,0,0.01,12
0,80,0,0.0,0.0,0.001063999999985299,0,0.01,12
0,80,0,0.0,0.0,0.0011840000000233886,0,0.01,12
0,80,0,0.0,0.0,0.0012230000000386099,0,0.01,12
0,80,0,0.0,0.0,0.0008900000000267028,0,0.01,12
0,80,0,0.0,0.0,0.000994999999988977,0,0.01,12
0,80,0,0.0,0.0,0.0019419999999854554,0,0.01,13
0,80,0,0.0,0.0,0.0016160000000127184,0,0.01,13
0,80,0,0.0,0.0,0.0011370000000283653,0,0.01,13
0,80,0,0.0,0.0,0.0009279999999876054,0,0.01,13
0,80,0,0.0,0.0,0.001642000000003918,0,0.01,13
0,80,0,0.0,0.0,0.001289999999983138,0,0.01,13
0,80,0,0.0,0.0,0.0012660000000437321,0,0.01,13
0,80,0,0.0,0.0,0.0010030000000256223,0,0.01,13
0,80,0,0.0,0.0,0.0010899999999764987,0,0.01,13
0,80,0,0.0,0.0,0.0013720000000034815,0,0.01,13
0,80,0,0.0,0.0,0.0008960000000115542,0,0.01,13
0,80,0,0.0,0.0,0.001396999999997206,0,0.01,13
0,80,0,0.0,0.0,0.0009820000000217988,0,0.01,13
0,80,0,0.0,0.0,0.0009469999999964784,0,0.01,13
0,80,0,0.0,0.0,0.001232000000015887,0,0.01,13
0,80,0,0.0,0.0,0.0008599999999887586,0,0.01,13
0,80,0,0.0,0.0,0.001350999999999658,0,0.01,13
0,80,0,0.0,0.0,0.0014269999999783067,0,0.01,13
0,80,0,0.0,0.0,0.0016410000000064429,0,0.01,13
0,80,0,0.0,0.0,0.0012369999999464198,0,0.01,13
0,80,0,0.0,0.0,0.0009990000000357213,0,0.01,13
0,80,0,0.0,0.0,0.0017659999999750653,0,0.01,13
0,80,0,0.0,0.0,0.0011949999999956162,0,0.01,13
0,80,0,0.0,0.0,0.0011669999999526226,0,0.01,13
0,80,0,0.0,0.0,0.0010529999999562278,0,0.01,13
0,80,0,0.0,0.0,0.001113999999972748,0,0.01,13
0,80,0,0.0,0.0,0.0012929999999755637,0,0.01,13
0,80,0,0.0,0.0,0.0010030000000256223,0,0.01,13
0,80,0,0.0,0.0,0.0009480000000507971,0,0.01,13
0,80,0,0.0,0.0,0.0011890000000107648,0,0.01,13
0,80,0,0.0,0.0,0.0010080000000129985,0,0.01,13
0,80,0,0.0,0.0,0.0015019999999594802,0,0.01,13
0,80,0,0.0,0.0,0.0010269999999650281,0,0.01,13
0,80,0,0.0,0.0,0.001113000000032116,0,0.01,13
0,80,0,0.0,0.0,0.0009029999999938809,0,0.01,13
0,80,0,0.0,0.0,0.00112899999999172,0,0.01,13
0,80,0,0.0,0.0,0.001955000000009477,0,0.01,13
0,80,0,0.0,0.0,0.0009739999999851534,0,0.01,13
0,80,0,0.0,0.0,0.001515999999980977,0,0.01,13
0,80,0,0.0,0.0,0.0010149999999953252,0,0.01,13
0,80,0,0.0,0.0,0.0011230000000068685,0,0.01,13
0,80,0,0.0,0.0,0.0015690000000176951,0,0.01,13
0,80,0,0.0,0.0,0.0014489999999796055,0,0.01,13
0,80,0,0.0,0.0,0.001519999999970878,0,0.01,13
0,80,0,0.0,0.0,0.001197999999988042,0,0.01,13
0,80,0,0.0,0.0,0.0011200000000144428,0,0.01,13
0,80,0,0.0,0.0,0.001236000000005788,0,0.01,13
0,80,0,0.0,0.0,0.0008980000000065047,0,0.01,13
0,80,0,0.0,0.0,0.0011600000000271393,0,0.01,13
0,80,0,0.0,0.0,0.0010030000000256223,0,0.01,13
0,80,0,0.0,0.0,0.0008619999999837091,0,0.01,13
0,80,0,0.0,0.0,0.0016960000000381115,0,0.01,13
0,80,0,0.0,0.0,0.000887000000034277,0,0.01,13
0,80,0,0.0,0.0,0.0012689999999793145,0,0.01,13
0,80,0,0.0,0.0,0.0022409999999695174,0,0.01,13
0,80,0,0.0,0.0,0.0015339999999923748,0,0.01,13
0,80,0,0.0,0.0,0.0015000000000213731,0,0.01,13
0,80,0,0.0,0.0,0.0010580000000004475,0,0.01,13
0,80,0,0.0,0.0,0.0009109999999736829,0,0.01,13
0,80,0,0.0,0.0,0.0009539999999788051,0,0.01,13
0,80,0,0.0,0.0,0.0012490000000298096,0,0.01,13
0,80,0,0.0,0.0,0.0012600000000020373,0,0.01,13
0,80,0,0.0,0.0,0.0012120000000095388,0,0.01,13
0,80,0,0.0,0.0,0.00170399999996107,0,0.01,13
0,80,0,0.0,0.0,0.0014449999999897045,0,0.01,13
0,80,0,0.0,0.0,0.0017120000000545588,0,0.01,13
0,80,0,0.0,0.0,0.0014780000000200744,0,0.01,13
0,80,0,0.0,0.0,0.0019699999999716056,0,0.01,13
0,80,0,0.0,0.0,0.0012910000000374566,0,0.01,13
0,80,0,0.0,0.0,0.0015980000000013206,0,0.01,13
0,80,0,0.0,0.0,0.0009440000000040527,0,0.01,13
0,80,0,0.0,0.0,0.0011600000000271393,0,0.01,13
0,80,0,0.0,0.0,0.0015369999999848005,0,0.01,13
0,80,0,0.0,0.0,0.0013440000000173313,0,0.01,13
0,80,0,0.0,0.0,0.0011379999999689971,0,0.01,13
0,80,0,0.0,0.0,0.0014949999999771535,0,0.01,13
0,80,0,0.0,0.0,0.0015740000000050713,0,0.01,13
0,80,0,0.0,0.0,0.0010010000000306718,0,0.01,13
0,80,0,0.0,0.0,0.002223000000014963,0,0.01,13
0,80,0,0.0,0.0,0.0015339999999923748,0,0.01,13
0,80,0,0.0,0.0,0.0022060000000010405,0,0.01,13
0,80,0,0.0,0.0,0.0022890000000188593,0,0.01,13
0,80,0,0.0,0.0,0.0020100000000411455,0,0.01,13
0,80,0,0.0,0.0,0.0013830000000325526,0,0.01,13
0,80,0,0.0,0.0,0.0017709999999624415,0,0.01,13
0,80,0,0.0,0.0,0.001468000000045322,0,0.01,13
0,80,0,0.0,0.0,0.001645999999993819,0,0.01,13
0,80,0,0.0,0.0,0.0011920000000031905,0,0.01,13
0,80,0,0.0,0.0,0.0015409999999747015,0,0.01,13
0,80,0,0.0,0.0,0.0016170000000101936,0,0.01,13
0,80,0,0.0,0.0,0.0018809999999689353,0,0.01,13
0,80,0,0.0,0.0,0.0013840000000300279,0,0.01,13
0,80,0,0.0,0.0,0.0021459999999819956,0,0.01,13
0,80,0,0.0,0.0,0.0016990000000305372,0,0.01,13
0,80,0,0.0,0.0,0.0009319999999775064,0,0.01,13
0,80,0,0.0,0.0,0.0012680000000386826,0,0.01,13
0,80,0,0.0,0.0,0.0019609999999943284,0,0.01,13
0,80,0,0.0,0.0,0.0018580000000270047,0,0.01,13
0,80,0,0.0,0.0,0.0020339999999805514,0,0.01,13
0,80,0,0.0,0.0,0.0010929999999689244,0,0.01,13
0,80,0,0.0,0.0,0.0014799999999581814,0,0.01,14
0,80,0,0.0,0.0,0.0011700000000018917,0,0.01,14
0,80,0,0.0,0.0,0.0015369999999848005,0,0.01,14
0,80,0,0.0,0.0,0.001377999999988333,0,0.01,14
0,80,0,0.0,0.0,0.001006000000018048,0,0.01,14
0,80,0,0.0,0.0,0.001657999999963522,0,0.01,14
0,80,0,0.0,0.0,0.0010199999999827014,0,0.01,14
0,80,0,0.0,0.0,0.0011450000000081673,0,0.01,14
0,80,0,0.0,0.0,0.001117000000022017,0,0.01,14
0,80,0,0.0,0.0,0.001144000000010692,0,0.01,14
0,80,0,0.0,0.0,0.0012800000000083855,0,0.01,14
0,80,0,0.0,0.0,0.0009550000000331238,0,0.01,14
0,80,0,0.0,0.0,0.0016810000000191394,0,0.01,14
0,80,0,0.0,0.0,0.0009820000000217988,0,0.01,14
0,80,0,0.0,0.0,0.001094000000023243,0,0.01,14
0,80,0,0.0,0.0,0.0011430000000132168,0,0.01,14
0,80,0,0.0,0.0,0.0014809999999556567,0,0.01,14
0,80,0,0.0,0.0,0.001140000000020791,0,0.01,14
0,80,0,0.0,0.0,0.0012110000000120635,0,0.01,14
0,80,0,0.0,0.0,0.001645999999993819,0,0.01,14
0,80,0,0.0,0.0,0.0016660000000001673,0,0.01,14
0,80,0,0.0,0.0,0.0016679999999951178,0,0.01,14
0,80,0,0.0,0.0,0.0019159999999942556,0,0.01,14
0,80,0,0.0,0.0,0.0016660000000001673,0,0.01,14
0,80,0,0.0,0.0,0.0010169999999902757,0,0.01,14
0,80,0,0.0,0.0,0.0013069999999970605,0,0.01,14
0,80,0,0.0,0.0,0.0010050000000205728,0,0.01,14
0,80,0,0.0,0.0,0.0013979999999946813,0,0.01,14
0,80,0,0.0,0.0,0.0016740000000368127,0,0.01,14
0,80,0,0.0,0.0,0.001282000000003336,0,0.01,14
0,80,0,0.0,0.0,0.0015340000000492182,0,0.01,14
0,80,0,0.0,0.0,0.0010930000000257678,0,0.01,14
0,80,0,0.0,0.0,0.0010019999999713036,0,0.01,14
0,80,0,0.0,0.0,0.001714999999990141,0,0.01,14
0,80,0,0.0,0.0,0.001086999999984073,0,0.01,14
0,80,0,0.0,0.0,0.002103000000033717,0,0.01,14
0,80,0,0.0,0.0,0.0012969999999654647,0,0.01,14
0,80,0,0.0,0.0,0.0013529999999946085,0,0.01,14
0,80,0,0.0,0.0,0.0015240000000176224,0,0.01,14
0,80,0,0.0,0.0,0.001213000000007014,0,0.01,14
0,80,0,0.0,0.0,0.0010419999999840002,0,0.01,14
0,80,0,0.0,0.0,0.001350999999999658,0,0.01,14
0,80,0,0.0,0.0,0.00141299999995681,0,0.01,14
0,80,0,0.0,0.0,0.0010269999999650281,0,0.01,14
0,80,0,0.0,0.0,0.0012380000000007385,0,0.01,14
0,80,0,0.0,0.0,0.0017469999999661923,0,0.01,14
0,80,0,0.0,0.0,0.0012779999999565916,0,0.01,14
0,80,0,0.0,0.0,0.0016899999999964166,0,0.01,14
0,80,0,0.0,0.0,0.0013710000000060063,0,0.01,14
0,80,0,0.0,0.0,0.0014990000000238979,0,0.01,14
0,80,0,0.0,0.0,0.0010740000000168948,0,0.01,14
0,80,0,0.0,0.0,0.0014150000000086038,0,0.01,14
0,80,0,0.0,0.0,0.0016170000000101936,0,0.01,14
0,80,0,0.0,0.0,0.001163000000019565,0,0.01,14
0,80,0,0.0,0.0,0.001104000000054839,0,0.01,14
0,80,0,0.0,0.0,0.002162999999995918,0,0.01,14
0,80,0,0.0,0.0,0.001389000000017404,0,0.01,14
0,80,0,0.0,0.0,0.0010669999999777247,0,0.01,14
0,80,0,0.0,0.0,0.0013850000000275031,0,0.01,14
0,80,0,0.0,0.0,0.0012189999999918655,0,0.01,14
0,80,0,0.0,0.0,0.0012770000000159598,0,0.01,14
0,80,0,0.0,0.0,0.001400999999987107,0,0.01,14
0,80,0,0.0,0.0,0.0014149999999517604,0,0.01,14
0,80,0,0.0,0.0,0.001396999999997206,0,0.01,14
0,80,0,0.0,0.0,0.00112899999999172,0,0.01,14
0,80,0,0.0,0.0,0.0011389999999664724,0,0.01,14
0,80,0,0.0,0.0,0.0014679999999884785,0,0.01,14
0,80,0,0.0,0.0,0.0010950000000207183,0,0.01,14
0,80,0,0.0,0.0,0.001148000000000593,0,0.01,14
0,80,0,0.0,0.0,0.0012159999999994398,0,0.01,14
0,80,0,0.0,0.0,0.0011690000000044165,0,0.01,14
0,80,0,0.0,0.0,0.0009739999999851534,0,0.01,14
0,80,0,0.0,0.0,0.0011450000000081673,0,0.01,14
0,80,0,0.0,0.0,0.001320000000021082,0,0.01,14
0,80,0,0.0,0.0,0.0011349999999765714,0,0.01,14
0,80,0,0.0,0.0,0.0010399999999890497,0,0.01,14
0,80,0,0.0,0.0,0.0026859999999828688,0,0.01,14
0,80,0,0.0,0.0,0.0014859999999998763,0,0.01,14
0,80,0,0.0,0.0,0.0016669999999976426,0,0.01,14
0,80,0,0.0,0.0,0.001729000000011638,0,0.01,14
0,80,0,0.0,0.0,0.0011610000000246146,0,0.01,14
0,80,0,0.0,0.0,0.0013799999999832835,0,0.01,14
0,80,0,0.0,0.0,0.0010819999999966967,0,0.01,14
0,80,0,0.0,0.0,0.0011219999999525498,0,0.01,14
0,80,0,0.0,0.0,0.0015610000000378932,0,0.01,14
0,80,0,0.0,0.0,0.001205999999967844,0,0.01,14
0,80,0,0.0,0.0,0.0011370000000283653,0,0.01,14
0,80,0,0.0,0.0,0.0012080000000196378,0,0.01,14
0,80,0,0.0,0.0,0.0011209999999550746,0,0.01,14
0,80,0,0.0,0.0,0.001469999999983429,0,0.01,14
0,80,0,0.0,0.0,0.001213000000007014,0,0.01,14
0,80,0,0.0,0.0,0.0010839999999916472,0,0.01,14
0,80,0,0.0,0.0,0.0015260000000125729,0,0.01,14
0,80,0,0.0,0.0,0.0014959999999746287,0,0.01,14
0,80,0,0.0,0.0,0.0010169999999902757,0,0.01,14
0,80,0,0.0,0.0,0.0013799999999832835,0,0.01,14
0,80,0,0.0,0.0,0.001680999999962296,0,0.01,14
0,80,0,0.0,0.0,0.0013210000000185573,0,0.01,14
0,80,0,0.0,0.0,0.0014500000000339242,0,0.01,14
0,80,0,0.0,0.0,0.0016580000000203654,0,0.01,14
