,Training,Noise,Training Error,Testing Error,Time Count,Number of SV,Features
0,80,0,0.0,0.0,0.000980000000000203,3,2
0,70,0,0.0,0.0,0.0004670000000004393,2,2
0,60,0,0.0,0.0,0.00042099999999933857,2,2
0,50,0,0.0,0.0,0.0007510000000001682,2,2
0,80,0,0.0,0.0,0.000674999999999315,2,2
0,70,0,0.0,0.0,0.000396000000000285,2,2
0,60,0,0.0,0.0,0.0004189999999999472,2,2
0,50,0,0.0,0.0,0.00041699999999966764,2,2
0,80,0,0.0,0.0,0.0006329999999996616,2,2
0,70,0,0.0,0.0,0.00039500000000014523,2,2
0,60,0,0.0,0.0,0.0003809999999999647,2,2
0,50,0,0.0,0.0,0.00039599999999939683,2,2
0,80,0,0.0,0.0,0.0005459999999999354,2,2
0,70,0,0.0,0.0,0.0004469999999994201,2,2
0,60,0,0.0,0.0,0.0005610000000002557,2,2
0,50,0,0.0,0.0,0.0005079999999999529,2,2
0,80,0,0.0,0.0,0.0006360000000000809,3,2
0,70,0,0.0,0.0,0.0004450000000000287,3,2
0,60,0,0.0,0.0,0.0003380000000001715,2,2
0,50,0,0.0,0.0,0.0005139999999999034,2,2
0,80,0,0.0,0.019230769230769273,0.000610999999999251,28,2
0,70,0,0.0,0.012987012987012991,0.0005379999999997054,27,2
0,60,0,0.0,0.009708737864077666,0.0005810000000003868,24,2
0,50,0,0.0,0.0078125,0.000460000000000349,22,2
0,80,0,0.0,0.0,0.0005090000000000927,2,2
0,70,0,0.0,0.0,0.0004340000000002675,2,2
0,60,0,0.0,0.0,0.0005319999999997549,2,2
0,50,0,0.0,0.0,0.0004070000000000462,2,2
0,80,0,0.0,0.0,0.0004980000000003315,2,2
0,70,0,0.0,0.0,0.0003979999999996764,2,2
0,60,0,0.0,0.0,0.00035699999999927456,2,2
0,50,0,0.0,0.0,0.00042600000000003746,2,2
0,80,0,0.0,0.0,0.00044399999999988893,2,2
0,70,0,0.0,0.0,0.0004149999999993881,2,2
0,60,0,0.0,0.0,0.00034599999999951336,2,2
0,50,0,0.0,0.0,0.00037800000000043354,2,2
0,80,0,0.0,0.0,0.00044299999999974915,2,2
0,70,0,0.0,0.0,0.000396000000000285,2,2
0,60,0,0.0,0.0,0.0003590000000004423,2,2
0,50,0,0.0,0.0,0.0003479999999997929,2,2
0,80,0,0.0,0.0,0.0004020000000002355,2,2
0,70,0,0.0,0.0,0.0003390000000003113,2,2
0,60,0,0.0,0.0,0.0003650000000003928,3,2
0,50,0,0.0,0.0,0.00032399999999999096,3,2
0,80,0,0.0,0.0,0.00036199999999997345,2,2
0,70,0,0.0,0.0,0.0003429999999999822,2,2
0,60,0,0.0,0.0,0.0004509999999999792,2,2
0,50,0,0.0,0.0,0.000344000000000122,2,2
0,80,0,0.0,0.0,0.00042000000000008697,2,2
0,70,0,0.0,0.0,0.0003370000000000317,2,2
0,60,0,0.0,0.0,0.0003270000000004103,3,2
0,50,0,0.0,0.0,0.000764000000000209,3,2
0,80,0,0.0,0.0,0.00041500000000027626,2,2
0,70,0,0.0,0.0,0.00041600000000041604,2,2
0,60,0,0.0,0.0,0.00038300000000024426,2,2
0,50,0,0.0,0.0,0.0006490000000001217,2,2
0,80,0,0.0,0.0,0.00042600000000003746,2,2
0,70,0,0.0,0.0,0.0004710000000001102,2,2
0,60,0,0.0,0.0,0.00041000000000046555,2,2
0,50,0,0.0,0.0,0.000452000000000119,2,2
0,80,0,0.0,0.0,0.0004450000000000287,2,2
0,70,0,0.0,0.0,0.0005959999999998189,2,2
0,60,0,0.0,0.0,0.0004220000000003665,2,2
0,50,0,0.0,0.0,0.0005650000000008149,2,2
0,80,0,0.0,0.0,0.00044100000000035777,2,2
0,70,0,0.0,0.0,0.0004110000000006053,2,2
0,60,0,0.0,0.0,0.00039800000000056457,2,2
0,50,0,0.0,0.0,0.0004110000000006053,2,2
0,80,0,0.0,0.0,0.0004240000000006461,2,2
0,70,0,0.0,0.0,0.0003979999999996764,2,2
0,60,0,0.0,0.0,0.00040599999999990644,2,2
0,50,0,0.0,0.0,0.0003700000000002035,2,2
0,80,0,0.0,0.0,0.0004070000000000462,2,2
0,70,0,0.0,0.0,0.00040500000000065484,2,2
0,60,0,0.0,0.0,0.0005930000000002877,2,2
0,50,0,0.0,0.0,0.0006029999999999092,2,2
0,80,0,0.0,0.0,0.0005720000000000169,2,2
0,70,0,0.0,0.0,0.000592000000000148,2,2
0,60,0,0.0,0.0,0.000492000000000381,2,2
0,50,0,0.0,0.0,0.0005060000000005616,2,2
0,80,0,0.0,0.0,0.00041600000000041604,2,2
0,70,0,0.0,0.0,0.0003700000000002035,2,2
0,60,0,0.0,0.0,0.0004239999999997579,2,2
0,50,0,0.0,0.0,0.0007530000000004478,3,2
0,80,0,0.0,0.0,0.000588000000000477,2,2
0,70,0,0.0,0.0,0.0004019999999993473,3,2
0,60,0,0.0,0.0,0.00043099999999984817,2,2
0,50,0,0.0,0.0,0.00037299999999973465,2,2
0,80,0,0.0,0.0,0.0004030000000003753,2,2
0,70,0,0.0,0.0,0.00041500000000027626,2,2
0,60,0,0.0,0.0,0.00041599999999952786,2,2
0,50,0,0.0,0.0,0.000408000000000186,2,2
0,80,0,0.0,0.0,0.000890999999999309,2,2
0,70,0,0.0,0.0,0.00042099999999933857,2,2
0,60,0,0.0,0.0,0.0004020000000002355,2,2
0,50,0,0.0,0.0,0.0009149999999999991,2,2
0,80,0,0.0,0.0,0.0007190000000001362,2,2
0,70,0,0.0,0.0,0.00042700000000017724,2,2
0,60,0,0.0,0.0,0.0004629999999998802,2,2
0,50,0,0.0,0.0,0.00039400000000000546,2,2
0,80,0,0.0,0.0,0.0005430000000004043,2,2
0,70,0,0.0,0.0,0.0003790000000005733,2,2
0,60,0,0.0,0.0,0.0003869999999999152,2,2
0,50,0,0.0,0.0,0.0004020000000002355,2,2
0,80,0,0.0,0.0,0.0006599999999998829,2,2
0,70,0,0.0,0.0,0.00043799999999993844,2,2
0,60,0,0.0,0.0,0.00042600000000003746,2,2
0,50,0,0.0,0.0,0.0007470000000004973,2,2
0,80,0,0.0,0.0,0.0004679999999996909,3,2
0,70,0,0.0,0.0,0.0004129999999999967,3,2
0,60,0,0.0,0.0,0.00042100000000022675,2,2
0,50,0,0.0,0.0,0.00039899999999981617,2,2
0,80,0,0.0,0.0,0.0006119999999993908,2,2
0,70,0,0.0,0.0,0.0003909999999995861,2,2
0,60,0,0.0,0.0,0.0004509999999999792,2,2
0,50,0,0.0,0.0,0.000484000000000151,2,2
0,80,0,0.0,0.0,0.0004399999999993298,2,2
0,70,0,0.0,0.0,0.00038800000000005497,2,2
0,60,0,0.0,0.0,0.000408000000000186,2,2
0,50,0,0.0,0.0,0.0004010000000000957,2,2
0,80,0,0.0,0.0,0.0004550000000005383,2,4
0,70,0,0.0,0.0,0.0005550000000003052,2,4
0,60,0,0.0,0.0,0.0007210000000004158,2,4
0,50,0,0.0,0.0,0.00041000000000046555,2,4
0,80,0,0.0,0.0,0.00043199999999998795,2,4
0,70,0,0.0,0.0,0.0006669999999999732,2,4
0,60,0,0.0,0.0,0.0005399999999999849,2,4
0,50,0,0.0,0.0,0.00041099999999971715,2,4
0,80,0,0.0,0.0,0.0004460000000001685,3,4
0,70,0,0.0,0.0,0.0004020000000002355,2,4
0,60,0,0.0,0.0,0.0004770000000000607,2,4
0,50,0,0.0,0.0,0.0004189999999999472,2,4
0,80,0,0.0,0.0,0.0005049999999995336,3,4
0,70,0,0.0,0.0,0.0004229999999996181,3,4
0,60,0,0.0,0.0,0.00041699999999966764,2,4
0,50,0,0.0,0.0,0.000544000000000544,2,4
0,80,0,0.0,0.0,0.0005470000000000752,2,4
0,70,0,0.0,0.0,0.00047999999999959186,2,4
0,60,0,0.0,0.0,0.00043799999999993844,2,4
0,50,0,0.0,0.0,0.0004110000000006053,2,4
0,80,0,0.0,0.0,0.0006870000000001042,2,4
0,70,0,0.0,0.0,0.0006630000000003022,2,4
0,60,0,0.0,0.0,0.0004299999999997084,2,4
0,50,0,0.0,0.0,0.00046400000000001995,2,4
0,80,0,0.0,0.0,0.0004849999999994026,2,4
0,70,0,0.0,0.0,0.0005850000000000577,2,4
0,60,0,0.0,0.0,0.0004129999999999967,3,4
0,50,0,0.0,0.0,0.0005070000000007013,3,4
0,80,0,0.0,0.0,0.0004939999999997724,2,4
0,70,0,0.0,0.0,0.0003709999999994551,2,4
0,60,0,0.0,0.0,0.00040499999999976666,3,4
0,50,0,0.0,0.0,0.00042700000000017724,3,4
0,80,0,0.0,0.0,0.0004390000000000782,2,4
0,70,0,0.0,0.0,0.0004240000000006461,3,4
0,60,0,0.0,0.0,0.0005009999999998627,3,4
0,50,0,0.0,0.0,0.0004610000000004888,3,4
0,80,0,0.0,0.0,0.00045900000000020924,3,4
0,70,0,0.0,0.0,0.00037799999999954537,3,4
0,60,0,0.0,0.0,0.0004550000000005383,3,4
0,50,0,0.0,0.0,0.0004189999999999472,3,4
0,80,0,0.0,0.0,0.00043300000000012773,2,4
0,70,0,0.0,0.0,0.0005900000000007566,2,4
0,60,0,0.0,0.0,0.0004780000000002005,2,4
0,50,0,0.0,0.0,0.0003370000000000317,2,4
0,80,0,0.0,0.0,0.0005559999999995568,2,4
0,70,0,0.0,0.0,0.0003649999999995046,2,4
0,60,0,0.0,0.0,0.00042700000000017724,2,4
0,50,0,0.0,0.0,0.00036199999999997345,2,4
0,80,0,0.0,0.0,0.00047400000000052955,2,4
0,70,0,0.0,0.0,0.00034099999999970265,2,4
0,60,0,0.0,0.0,0.0003859999999997754,2,4
0,50,0,0.0,0.0,0.0003549999999998832,3,4
0,80,0,0.0,0.0,0.0005980000000000985,2,4
0,70,0,0.0,0.0,0.00039999999999995595,3,4
0,60,0,0.0,0.0,0.00035700000000016274,2,4
0,50,0,0.0,0.0,0.00033400000000050056,2,4
0,80,0,0.0,0.0,0.000548000000000215,2,4
0,70,0,0.0,0.0,0.0004469999999994201,2,4
0,60,0,0.0,0.0,0.000344000000000122,2,4
0,50,0,0.0,0.0,0.00030700000000027927,2,4
0,80,0,0.0,0.0,0.0005010000000007508,2,4
0,70,0,0.0,0.0,0.00042799999999942884,2,4
0,60,0,0.0,0.0,0.0003490000000008209,2,4
0,50,0,0.0,0.0,0.00030799999999953087,2,4
0,80,0,0.0,0.0,0.0004870000000005703,2,4
0,70,0,0.0,0.0,0.0003500000000000725,2,4
0,60,0,0.0,0.0,0.000376000000000154,2,4
0,50,0,0.0,0.0,0.00033599999999989194,2,4
0,80,0,0.0,0.0,0.0004559999999997899,3,4
0,70,0,0.0,0.0,0.00034600000000040154,3,4
0,60,0,0.0,0.0,0.0003489999999999327,3,4
0,50,0,0.0,0.0,0.00032000000000032003,3,4
0,80,0,0.0,0.0,0.0004889999999999617,2,4
0,70,0,0.0,0.0,0.00036199999999997345,2,4
0,60,0,0.0,0.0,0.00035200000000035203,2,4
0,50,0,0.0,0.0,0.00031900000000018025,2,4
0,80,0,0.0,0.0,0.00043099999999984817,2,4
0,70,0,0.0,0.0,0.0003210000000004598,2,4
0,60,0,0.0,0.0,0.00034600000000040154,2,4
0,50,0,0.0,0.0,0.0003900000000003345,2,4
0,80,0,0.0,0.0,0.0006300000000001305,2,4
0,70,0,0.0,0.0,0.0004940000000006606,2,4
0,60,0,0.0,0.0,0.0004450000000000287,2,4
0,50,0,0.0,0.0,0.00042099999999933857,2,4
0,80,0,0.0,0.0,0.00042600000000003746,2,4
0,70,0,0.0,0.0,0.000802999999999443,2,4
0,60,0,0.0,0.0,0.0005129999999997636,2,4
0,50,0,0.0,0.0,0.00039500000000014523,2,4
0,80,0,0.0,0.0,0.0004559999999997899,2,4
0,70,0,0.0,0.0,0.00041099999999971715,2,4
0,60,0,0.0,0.0,0.0006700000000003925,2,4
0,50,0,0.0,0.0,0.0008129999999999526,2,4
0,80,0,0.0,0.0,0.000496000000000052,2,4
0,70,0,0.0,0.0,0.0004339999999993793,2,4
0,60,0,0.0,0.0,0.0004119999999998569,2,4
0,50,0,0.0,0.0,0.00041699999999966764,2,4
0,80,0,0.0,0.0,0.0007440000000000779,2,4
0,70,0,0.0,0.0,0.00039900000000070435,2,4
0,60,0,0.0,0.0,0.0003850000000005238,2,4
0,50,0,0.0,0.0,0.0003809999999999647,2,4
0,80,0,0.0,0.0,0.00039899999999981617,2,4
0,70,0,0.0,0.0,0.0006800000000000139,2,4
0,60,0,0.0,0.0,0.000764000000000209,2,4
0,50,0,0.0,0.0,0.0004129999999999967,2,4
0,80,0,0.0,0.0,0.00042600000000003746,2,4
0,70,0,0.0,0.0,0.00046400000000001995,2,4
0,60,0,0.0,0.0,0.0004140000000001365,2,4
0,50,0,0.0,0.0,0.0003979999999996764,2,4
0,80,0,0.0,0.0,0.00039400000000000546,2,4
0,70,0,0.0,0.0,0.00041000000000046555,2,4
0,60,0,0.0,0.0,0.0004499999999998394,2,4
0,50,0,0.0,0.0,0.0003920000000006141,3,4
0,80,0,0.0,0.0,0.0006620000000001625,2,4
0,70,0,0.0,0.0,0.0003769999999994056,2,4
0,60,0,0.0,0.0,0.0004039999999996269,2,4
0,50,0,0.0,0.0,0.00042100000000022675,2,4
0,80,0,0.0,0.0,0.00048000000000048004,2,4
0,70,0,0.0,0.0,0.0003910000000004743,2,4
0,60,0,0.0,0.0,0.0003489999999999327,2,4
0,50,0,0.0,0.0,0.00033400000000050056,2,4
0,80,0,0.0,0.0,0.0004729999999995016,3,8
0,70,0,0.0,0.0,0.0006669999999999732,3,8
0,60,0,0.0,0.0,0.0003700000000002035,3,8
0,50,0,0.0,0.0,0.00034099999999970265,3,8
0,80,0,0.0,0.0,0.0006319999999995218,2,8
0,70,0,0.0,0.0,0.00038900000000019475,2,8
0,60,0,0.0,0.0,0.000344000000000122,2,8
0,50,0,0.0,0.0,0.00041599999999952786,2,8
0,80,0,0.0,0.0,0.00041600000000041604,2,8
0,70,0,0.0,0.0,0.0003690000000000637,4,8
0,60,0,0.0,0.0,0.0003479999999997929,4,8
0,50,0,0.0,0.0,0.00036199999999997345,2,8
0,80,0,0.0,0.0,0.00045800000000006946,3,8
0,70,0,0.0,0.0,0.0003539999999997434,3,8
0,60,0,0.0,0.0,0.0009090000000000487,3,8
0,50,0,0.0,0.0,0.0006159999999999499,2,8
0,80,0,0.0,0.0,0.000452000000000119,2,8
0,70,0,0.0,0.0,0.0004390000000000782,3,8
0,60,0,0.0,0.0,0.0004010000000000957,3,8
0,50,0,0.0,0.0,0.0005189999999997141,2,8
0,80,0,0.0,0.0,0.0008229999999995741,2,8
0,70,0,0.0,0.0,0.0004440000000007771,2,8
0,60,0,0.0,0.0,0.00039999999999995595,2,8
0,50,0,0.0,0.0,0.0005020000000000024,2,8
0,80,0,0.0,0.0,0.0004949999999999122,2,8
0,70,0,0.0,0.0,0.0004119999999998569,2,8
0,60,0,0.0,0.0,0.0005389999999998452,2,8
0,50,0,0.0,0.0,0.0004229999999996181,2,8
0,80,0,0.0,0.0,0.0004889999999999617,2,8
0,70,0,0.0,0.0,0.0006499999999993733,2,8
0,60,0,0.0,0.0,0.00039400000000000546,2,8
0,50,0,0.0,0.0,0.0004179999999998074,2,8
0,80,0,0.0,0.0,0.00042600000000003746,2,8
0,70,0,0.0,0.0,0.0004119999999998569,2,8
0,60,0,0.0,0.0,0.00044100000000035777,2,8
0,50,0,0.0,0.0,0.00034000000000045105,2,8
0,80,0,0.0,0.0,0.00042000000000008697,2,8
0,70,0,0.0,0.0,0.0003609999999998337,2,8
0,60,0,0.0,0.0,0.0004189999999999472,2,8
0,50,0,0.0,0.0,0.00036799999999992394,2,8
0,80,0,0.0,0.0,0.0004340000000002675,2,8
0,70,0,0.0,0.0,0.00042799999999942884,2,8
0,60,0,0.0,0.0,0.0004780000000002005,2,8
0,50,0,0.0,0.0,0.0004349999999995191,2,8
0,80,0,0.0,0.0,0.00043099999999984817,2,8
0,70,0,0.0,0.0,0.0004230000000005063,2,8
0,60,0,0.0,0.0,0.0007760000000001099,2,8
0,50,0,0.0,0.0,0.0004140000000001365,2,8
0,80,0,0.0,0.0,0.0005959999999998189,2,8
0,70,0,0.0,0.0,0.0004559999999997899,2,8
0,60,0,0.0,0.0,0.0004359999999996589,2,8
0,50,0,0.0,0.0,0.0006360000000000809,2,8
0,80,0,0.0,0.0,0.000516000000000183,3,8
0,70,0,0.0,0.0,0.0004340000000002675,3,8
0,60,0,0.0,0.0,0.00042600000000003746,3,8
0,50,0,0.0,0.0,0.0005100000000002325,3,8
0,80,0,0.0,0.0,0.00045300000000025875,3,8
0,70,0,0.0,0.0,0.000528000000000084,2,8
0,60,0,0.0,0.0,0.0006909999999997751,2,8
0,50,0,0.0,0.0,0.0005850000000000577,2,8
0,80,0,0.0,0.0,0.00044700000000030826,2,8
0,70,0,0.0,0.0,0.00044100000000035777,2,8
0,60,0,0.0,0.0,0.00043199999999998795,2,8
0,50,0,0.0,0.0,0.0004509999999999792,2,8
0,80,0,0.0,0.0,0.00044399999999988893,3,8
0,70,0,0.0,0.0,0.0004559999999997899,3,8
0,60,0,0.0,0.0,0.00043099999999984817,3,8
0,50,0,0.0,0.0,0.0006800000000000139,3,8
0,80,0,0.0,0.0,0.00044100000000035777,2,8
0,70,0,0.0,0.0,0.0004020000000002355,2,8
0,60,0,0.0,0.0,0.0004189999999999472,2,8
0,50,0,0.0,0.0,0.0005179999999995744,2,8
0,80,0,0.0,0.0,0.00045399999999951035,3,8
0,70,0,0.0,0.0,0.00038899999999930657,2,8
0,60,0,0.0,0.0,0.00043000000000059657,2,8
0,50,0,0.0,0.0,0.00038900000000019475,2,8
0,80,0,0.0,0.0,0.0004350000000004073,2,8
0,70,0,0.0,0.0,0.0004220000000003665,2,8
0,60,0,0.0,0.0,0.0005450000000006838,2,8
0,50,0,0.0,0.0,0.0006099999999999994,2,8
0,80,0,0.0,0.0,0.0006959999999995858,2,8
0,70,0,0.0,0.0,0.0004349999999995191,2,8
0,60,0,0.0,0.0,0.00041699999999966764,2,8
0,50,0,0.0,0.0,0.00044100000000035777,2,8
0,80,0,0.0,0.0,0.0004930000000005208,2,8
0,70,0,0.0,0.0,0.00043099999999984817,2,8
0,60,0,0.0,0.0,0.00043199999999998795,2,8
0,50,0,0.0,0.0,0.0004110000000006053,2,8
0,80,0,0.0,0.0,0.001234999999999431,4,8
0,70,0,0.0,0.0,0.00047999999999959186,4,8
0,60,0,0.0,0.0,0.00042100000000022675,4,8
0,50,0,0.0,0.0,0.0004559999999997899,3,8
0,80,0,0.0,0.0,0.00044300000000063733,2,8
0,70,0,0.0,0.0,0.0007130000000001857,2,8
0,60,0,0.0,0.0,0.0004980000000003315,2,8
0,50,0,0.0,0.0,0.000492000000000381,2,8
0,80,0,0.0,0.0,0.00048500000000029075,2,8
0,70,0,0.0,0.0,0.00043300000000012773,2,8
0,60,0,0.0,0.0,0.0006669999999999732,2,8
0,50,0,0.0,0.0,0.0007179999999999964,2,8
0,80,0,0.0,0.0,0.000600000000000378,2,8
0,70,0,0.0,0.0,0.0005610000000002557,2,8
0,60,0,0.0,0.0,0.00039899999999981617,2,8
0,50,0,0.0,0.0,0.00046999999999997044,2,8
0,80,0,0.0,0.0,0.00044800000000044804,2,8
0,70,0,0.0,0.0,0.0004119999999998569,2,8
0,60,0,0.0,0.0,0.0003500000000000725,2,8
0,50,0,0.0,0.0,0.00036399999999936483,2,8
0,80,0,0.0,0.0,0.00043300000000012773,3,8
0,70,0,0.0,0.0,0.0003900000000003345,3,8
0,60,0,0.0,0.0,0.0004170000000005558,3,8
0,50,0,0.0,0.0,0.0005000000000006111,3,8
0,80,0,0.0,0.0,0.0004879999999998219,2,8
0,70,0,0.0,0.0,0.0005979999999992103,2,8
0,60,0,0.0,0.0,0.000484000000000151,2,8
0,50,0,0.0,0.0,0.0005759999999996879,2,8
0,80,0,0.0,0.0,0.0005490000000003548,3,8
0,70,0,0.0,0.0,0.0005369999999995656,3,8
0,60,0,0.0,0.0,0.0004240000000006461,2,8
0,50,0,0.0,0.0,0.0007149999999995771,2,8
0,80,0,0.0,0.0,0.00048500000000029075,2,16
0,70,0,0.0,0.0,0.0004879999999998219,3,16
0,60,0,0.0,0.0,0.0004170000000005558,3,16
0,50,0,0.0,0.0,0.0004189999999999472,3,16
0,80,0,0.0,0.0,0.00045999999999946084,2,16
0,70,0,0.0,0.0,0.00043099999999984817,2,16
0,60,0,0.0,0.0,0.0004129999999999967,2,16
0,50,0,0.0,0.0,0.0004550000000005383,2,16
0,80,0,0.0,0.0,0.00046400000000001995,3,16
0,70,0,0.0,0.0,0.0006079999999997199,3,16
0,60,0,0.0,0.0,0.0006040000000000489,3,16
0,50,0,0.0,0.0,0.0003979999999996764,3,16
0,80,0,0.0,0.0,0.0004140000000001365,2,16
0,70,0,0.0,0.0,0.000484000000000151,2,16
0,60,0,0.0,0.0,0.0003979999999996764,2,16
0,50,0,0.0,0.0,0.000728000000000506,2,16
0,80,0,0.0,0.0,0.00045700000000081786,2,16
0,70,0,0.0,0.0,0.0004119999999998569,2,16
0,60,0,0.0,0.0,0.00041699999999966764,2,16
0,50,0,0.0,0.0,0.0004039999999996269,2,16
0,80,0,0.0,0.0,0.0004390000000000782,2,16
0,70,0,0.0,0.0,0.0005030000000001422,2,16
0,60,0,0.0,0.0,0.0005829999999997781,2,16
0,50,0,0.0,0.0,0.0008690000000006748,2,16
0,80,0,0.0,0.0,0.0004900000000001015,3,16
0,70,0,0.0,0.0,0.0007260000000002265,3,16
0,60,0,0.0,0.0,0.0005679999999994578,3,16
0,50,0,0.0,0.0,0.00042199999999947835,3,16
0,80,0,0.0,0.0,0.00046400000000001995,3,16
0,70,0,0.0,0.0,0.00043199999999998795,2,16
0,60,0,0.0,0.0,0.00043100000000073635,2,16
0,50,0,0.0,0.0,0.00045900000000020924,2,16
0,80,0,0.0,0.0,0.0004779999999993123,3,16
0,70,0,0.0,0.0,0.0005309999999996151,3,16
0,60,0,0.0,0.0,0.0005150000000000432,4,16
0,50,0,0.0,0.0,0.00044100000000035777,4,16
0,80,0,0.0,0.0,0.000492000000000381,2,16
0,70,0,0.0,0.0,0.00046500000000015973,2,16
0,60,0,0.0,0.0,0.0005350000000001742,2,16
0,50,0,0.0,0.0,0.00042000000000008697,2,16
0,80,0,0.0,0.0,0.0004970000000001917,2,16
0,70,0,0.0,0.0,0.0007269999999994781,3,16
0,60,0,0.0,0.0,0.00045999999999946084,3,16
0,50,0,0.0,0.0,0.00042100000000022675,3,16
0,80,0,0.0,0.0,0.0005829999999997781,2,16
0,70,0,0.0,0.0,0.000440000000000218,2,16
0,60,0,0.0,0.0,0.0005489999999994666,3,16
0,50,0,0.0,0.0,0.0004299999999997084,3,16
0,80,0,0.0,0.0,0.0006400000000006401,3,16
0,70,0,0.0,0.0,0.0004340000000002675,3,16
0,60,0,0.0,0.0,0.00043000000000059657,2,16
0,50,0,0.0,0.0,0.0007219999999996674,3,16
0,80,0,0.0,0.0,0.00044800000000044804,2,16
0,70,0,0.0,0.0,0.0004669999999995511,3,16
0,60,0,0.0,0.0,0.000428000000000317,3,16
0,50,0,0.0,0.0,0.0009019999999999584,4,16
0,80,0,0.0,0.0,0.00045499999999965013,3,16
0,70,0,0.0,0.0,0.00044399999999988893,3,16
0,60,0,0.0,0.0,0.0004340000000002675,3,16
0,50,0,0.0,0.0,0.00040599999999990644,3,16
0,80,0,0.0,0.0,0.0004639999999991318,3,16
0,70,0,0.0,0.0,0.000440000000000218,2,16
0,60,0,0.0,0.0,0.0004660000000002995,2,16
0,50,0,0.0,0.0,0.0004399999999993298,2,16
0,80,0,0.0,0.0,0.0005179999999995744,2,16
0,70,0,0.0,0.0,0.0006499999999993733,2,16
0,60,0,0.0,0.0,0.00043000000000059657,2,16
0,50,0,0.0,0.0,0.00042500000000078586,2,16
0,80,0,0.0,0.0,0.00044199999999960937,2,16
0,70,0,0.0,0.0,0.00043300000000012773,2,16
0,60,0,0.0,0.0,0.0004239999999997579,2,16
0,50,0,0.0,0.0,0.0007820000000000604,2,16
0,80,0,0.0,0.0,0.0004559999999997899,2,16
0,70,0,0.0,0.0,0.0004199999999991988,2,16
0,60,0,0.0,0.0,0.0006230000000000402,3,16
0,50,0,0.0,0.0,0.000502999999999254,2,16
0,80,0,0.0,0.0,0.0004619999999997404,3,16
0,70,0,0.0,0.0,0.0005790000000001072,2,16
0,60,0,0.0,0.0,0.00041699999999966764,2,16
0,50,0,0.0,0.0,0.0004499999999998394,2,16
0,80,0,0.0,0.0,0.0004559999999997899,3,16
0,70,0,0.0,0.0,0.0005030000000001422,2,16
0,60,0,0.0,0.0,0.0007760000000001099,2,16
0,50,0,0.0,0.0,0.0004299999999997084,2,16
0,80,0,0.0,0.0,0.000496000000000052,3,16
0,70,0,0.0,0.0,0.00043699999999979866,3,16
0,60,0,0.0,0.0,0.00043099999999896,3,16
0,50,0,0.0,0.0,0.000764000000000209,3,16
0,80,0,0.0,0.0,0.0005369999999995656,2,16
0,70,0,0.0,0.0,0.00047599999999903275,2,16
0,60,0,0.0,0.0,0.00048799999999893373,2,16
0,50,0,0.0,0.0,0.00043100000000073635,3,16
0,80,0,0.0,0.0,0.0005129999999997636,2,16
0,70,0,0.0,0.0,0.0006029999999999092,2,16
0,60,0,0.0,0.0,0.0006029999999999092,3,16
0,50,0,0.0,0.0,0.00046599999999941133,3,16
0,80,0,0.0,0.0,0.00045300000000025875,2,16
0,70,0,0.0,0.0,0.00042000000000008697,2,16
0,60,0,0.0,0.0,0.00047900000000034026,2,16
0,50,0,0.0,0.0,0.00042000000000008697,2,16
0,80,0,0.0,0.0,0.0005050000000004218,2,16
0,70,0,0.0,0.0,0.0004290000000004568,2,16
0,60,0,0.0,0.0,0.00046999999999997044,2,16
0,50,0,0.0,0.0,0.00042799999999942884,2,16
0,80,0,0.0,0.0,0.0005750000000013245,3,16
0,70,0,0.0,0.0,0.00044399999999988893,3,16
0,60,0,0.0,0.0,0.0006639999999986657,3,16
0,50,0,0.0,0.0,0.0006419999999991433,4,16
0,80,0,0.0,0.0,0.0006500000000002615,4,16
0,70,0,0.0,0.0,0.000460000000000349,3,16
0,60,0,0.0,0.0,0.0004729999999995016,3,16
0,50,0,0.0,0.0,0.00039800000000056457,4,16
0,80,0,0.0,0.0,0.0009559999999986246,2,16
0,70,0,0.0,0.0,0.000536000000000314,2,16
0,60,0,0.0,0.0,0.0004939999999997724,2,16
0,50,0,0.0,0.0,0.0004199999999983106,2,16
0,80,0,0.0,0.0,0.0006369999999993325,2,16
0,70,0,0.0,0.0,0.0004259999999991493,2,16
0,60,0,0.0,0.0,0.0004249999999998977,2,16
0,50,0,0.0,0.0,0.00041599999999952786,2,16
0,80,0,0.0,0.0,0.000534999999999286,2,32
0,70,0,0.0,0.0,0.0005579999999998364,2,32
0,60,0,0.0,0.0,0.0004620000000006286,2,32
0,50,0,0.0,0.0,0.0005190000000006023,4,32
0,80,0,0.0,0.0,0.0004710000000009984,2,32
0,70,0,0.0,0.0,0.0007429999999999382,2,32
0,60,0,0.0,0.0,0.000461000000001377,2,32
0,50,0,0.0,0.0,0.0004290000000004568,2,32
0,80,0,0.0,0.0,0.0005410000000001247,3,32
0,70,0,0.0,0.0,0.00046400000000090813,3,32
0,60,0,0.0,0.0,0.0008809999999996876,3,32
0,50,0,0.0,0.0,0.000408000000000186,2,32
0,80,0,0.0,0.0,0.0004519999999992308,2,32
0,70,0,0.0,0.0,0.0005950000000005673,2,32
0,60,0,0.0,0.0,0.0005680000000012342,2,32
0,50,0,0.0,0.0,0.00042700000000017724,2,32
0,80,0,0.0,0.0,0.00048600000000043053,3,32
0,70,0,0.0,0.0,0.0004509999999999792,4,32
0,60,0,0.0,0.0,0.0005090000000009809,4,32
0,50,0,0.0,0.0,0.00044800000000044804,3,32
0,80,0,0.0,0.0,0.0004939999999997724,4,32
0,70,0,0.0,0.0,0.0004609999999996006,4,32
0,60,0,0.0,0.0,0.0005830000000006663,4,32
0,50,0,0.0,0.0,0.0004919999999994928,4,32
0,80,0,0.0,0.0,0.0005009999999998627,2,32
0,70,0,0.0,0.0,0.0004559999999997899,2,32
0,60,0,0.0,0.0,0.0004500000000007276,2,32
0,50,0,0.0,0.0,0.0005169999999985464,2,32
0,80,0,0.0,0.0,0.00048600000000043053,3,32
0,70,0,0.0,0.0,0.0004239999999988697,3,32
0,60,0,0.0,0.0,0.00035000000000096065,3,32
0,50,0,0.0,0.0,0.0004249999999998977,3,32
0,80,0,0.0,0.0,0.0004819999999998714,3,32
0,70,0,0.0,0.0,0.0004170000000005558,3,32
0,60,0,0.0,0.0,0.0003869999999999152,3,32
0,50,0,0.0,0.0,0.000354999999998995,3,32
0,80,0,0.0,0.0,0.0004889999999999617,3,32
0,70,0,0.0,0.0,0.00035199999999946385,3,32
0,60,0,0.0,0.0,0.0003810000000008529,3,32
0,50,0,0.0,0.0,0.0004229999999996181,3,32
0,80,0,0.0,0.0,0.0005450000000006838,2,32
0,70,0,0.0,0.0,0.0004559999999997899,2,32
0,60,0,0.0,0.0,0.00041099999999971715,2,32
0,50,0,0.0,0.0,0.00038300000000113243,2,32
0,80,0,0.0,0.0,0.0004849999999994026,2,32
0,70,0,0.0,0.0,0.0003820000000001045,2,32
0,60,0,0.0,0.0,0.00043500000000129546,2,32
0,50,0,0.0,0.0,0.0004910000000002412,2,32
0,80,0,0.0,0.0,0.0004670000000004393,4,32
0,70,0,0.0,0.0,0.0004460000000001685,3,32
0,60,0,0.0,0.0,0.0005720000000000169,4,32
0,50,0,0.0,0.0,0.0003750000000000142,4,32
0,80,0,0.0,0.0,0.0004619999999988522,3,32
0,70,0,0.0,0.0,0.00046500000000015973,3,32
0,60,0,0.0,0.0,0.0005369999999995656,4,32
0,50,0,0.0,0.0,0.00043299999999923955,3,32
0,80,0,0.0,0.0,0.000484000000000151,3,32
0,70,0,0.0,0.0,0.0004460000000001685,3,32
0,60,0,0.0,0.0,0.00047999999999959186,3,32
0,50,0,0.0,0.0,0.00045300000000025875,3,32
0,80,0,0.0,0.0,0.0005679999999994578,2,32
0,70,0,0.0,0.0,0.0006870000000009924,2,32
0,60,0,0.0,0.0,0.0006489999999992335,3,32
0,50,0,0.0,0.0,0.0006269999999997111,3,32
0,80,0,0.0,0.0,0.0007439999999991898,2,32
0,70,0,0.0,0.0,0.0006550000000000722,2,32
0,60,0,0.0,0.0,0.0013600000000000279,2,32
0,50,0,0.0,0.0,0.0006569999999985754,2,32
0,80,0,0.0,0.0,0.0007419999999989102,2,32
0,70,0,0.0,0.0,0.0007830000000002002,2,32
0,60,0,0.0,0.0,0.0007120000000000459,2,32
0,50,0,0.0,0.0,0.0007169999999998566,2,32
0,80,0,0.0,0.0,0.0004970000000010799,3,32
0,70,0,0.0,0.0,0.0004970000000010799,3,32
0,60,0,0.0,0.0,0.000512000000000512,3,32
0,50,0,0.0,0.0,0.0005790000000001072,3,32
0,80,0,0.0,0.0,0.0005999999999986017,2,32
0,70,0,0.0,0.0,0.0005330000000007828,2,32
0,60,0,0.0,0.0,0.0005419999999993763,3,32
0,50,0,0.0,0.0,0.000534999999999286,2,32
0,80,0,0.0,0.0,0.0005920000000010361,4,32
0,70,0,0.0,0.0,0.0004919999999994928,3,32
0,60,0,0.0,0.0,0.0005459999999999354,3,32
0,50,0,0.0,0.0,0.00044200000000138573,3,32
0,80,0,0.0,0.0,0.0005089999999992045,4,32
0,70,0,0.0,0.0,0.0006149999999998101,4,32
0,60,0,0.0,0.0,0.0005819999999996384,4,32
0,50,0,0.0,0.0,0.0004290000000004568,4,32
0,80,0,0.0,0.0,0.0005179999999995744,3,32
0,70,0,0.0,0.0,0.00048699999999968213,3,32
0,60,0,0.0,0.0,0.00047099999999922204,3,32
0,50,0,0.0,0.0,0.00045899999999932106,3,32
0,80,0,0.0,0.0,0.0004919999999994928,3,32
0,70,0,0.0,0.0,0.000560000000000116,3,32
0,60,0,0.0,0.0,0.00044200000000138573,3,32
0,50,0,0.0,0.0,0.0004989999999995831,3,32
0,80,0,0.0,0.0,0.0005389999999998452,3,32
0,70,0,0.0,0.0,0.0004639999999991318,3,32
0,60,0,0.0,0.0,0.0004880000000007101,3,32
0,50,0,0.0,0.0,0.0005279999999991958,5,32
0,80,0,0.0,0.0,0.0004729999999995016,3,32
0,70,0,0.0,0.0,0.0008949999999998681,4,32
0,60,0,0.0,0.0,0.00045600000000156626,2,32
0,50,0,0.0,0.0,0.00044499999999914053,2,32
0,80,0,0.0,0.0,0.0005570000000005848,2,32
0,70,0,0.0,0.0,0.0004569999999990415,2,32
0,60,0,0.0,0.0,0.00045700000000081786,2,32
0,50,0,0.0,0.0,0.0008379999999998944,2,32
0,80,0,0.0,0.0,0.000710999999999018,3,32
0,70,0,0.0,0.0,0.0004889999999999617,3,32
0,60,0,0.0,0.0,0.0006959999999995858,3,32
0,50,0,0.0,0.0,0.0004220000000003665,2,32
0,80,0,0.0,0.0,0.0008179999999988752,2,32
0,70,0,0.0,0.0,0.00044899999999969964,2,32
0,60,0,0.0,0.0,0.0005410000000001247,2,32
0,50,0,0.0,0.0,0.0004390000000000782,3,32
0,80,0,0.0,0.0,0.0006489999999992335,2,32
0,70,0,0.0,0.0,0.00047200000000025,2,32
0,60,0,0.0,0.0,0.0005699999999997374,2,32
0,50,0,0.0,0.0,0.0004460000000001685,2,32
0,80,0,0.0,0.0,0.0005889999999997286,3,64
0,70,0,0.0,0.0,0.0004980000000003315,3,64
0,60,0,0.0,0.0,0.0005170000000003228,2,64
0,50,0,0.0,0.0,0.0005539999999992773,2,64
0,80,0,0.0,0.0,0.0006009999999996296,3,64
0,70,0,0.0,0.0,0.0007549999999998391,3,64
0,60,0,0.0,0.0,0.0004969999999993036,3,64
0,50,0,0.0,0.0,0.0004670000000004393,3,64
0,80,0,0.0,0.0,0.0005249999999996646,3,64
0,70,0,0.0,0.0,0.0005380000000005936,3,64
0,60,0,0.0,0.0,0.0004469999999994201,3,64
0,50,0,0.0,0.0,0.00041699999999877946,3,64
0,80,0,0.0,0.0,0.0005259999999989162,2,64
0,70,0,0.0,0.0,0.000437000000001575,2,64
0,60,0,0.0,0.0,0.00043199999999998795,2,64
0,50,0,0.0,0.0,0.00043199999999998795,2,64
0,80,0,0.0,0.0,0.000588000000000477,3,64
0,70,0,0.0,0.0,0.0005079999999999529,4,64
0,60,0,0.0,0.0,0.0007490000000007768,3,64
0,50,0,0.0,0.0,0.00038900000000019475,2,64
0,80,0,0.0,0.0,0.0010300000000000864,2,64
0,70,0,0.0,0.0,0.00044999999999895124,2,64
0,60,0,0.0,0.0,0.00043500000000129546,2,64
0,50,0,0.0,0.0,0.00043099999999896,2,64
0,80,0,0.0,0.0,0.00046400000000090813,3,64
0,70,0,0.0,0.0,0.0004460000000001685,3,64
0,60,0,0.0,0.0,0.0005129999999997636,3,64
0,50,0,0.0,0.0,0.0005640000000006751,3,64
0,80,0,0.0,0.0,0.0005309999999987269,3,64
0,70,0,0.0,0.0,0.0004929999999987444,3,64
0,60,0,0.0,0.0,0.000484000000000151,3,64
0,50,0,0.0,0.0,0.0004500000000007276,2,64
0,80,0,0.0,0.0,0.000524000000000413,4,64
0,70,0,0.0,0.0,0.0006669999999999732,4,64
0,60,0,0.0,0.0,0.001122999999999763,4,64
0,50,0,0.0,0.0,0.00040500000000065484,4,64
0,80,0,0.0,0.0,0.0005150000000000432,2,64
0,70,0,0.0,0.0,0.00042799999999942884,2,64
0,60,0,0.0,0.0,0.0005260000000006926,2,64
0,50,0,0.0,0.0,0.0004500000000007276,3,64
0,80,0,0.0,0.0,0.0005309999999987269,4,64
0,70,0,0.0,0.0,0.00045399999999951035,4,64
0,60,0,0.0,0.0,0.0004259999999991493,4,64
0,50,0,0.0,0.0,0.0004569999999990415,3,64
0,80,0,0.0,0.0,0.00047499999999978115,2,64
0,70,0,0.0,0.0,0.0005330000000007828,3,64
0,60,0,0.0,0.0,0.0004340000000002675,3,64
0,50,0,0.0,0.0,0.00043699999999979866,2,64
0,80,0,0.0,0.0,0.0006439999999994228,2,64
0,70,0,0.0,0.0,0.00044199999999960937,2,64
0,60,0,0.0,0.0,0.0004989999999995831,2,64
0,50,0,0.0,0.0,0.000634999999999053,2,64
0,80,0,0.0,0.0,0.00047900000000034026,3,64
0,70,0,0.0,0.0,0.0005870000000012254,3,64
0,60,0,0.0,0.0,0.0004010000000000957,3,64
0,50,0,0.0,0.0,0.0004220000000003665,2,64
0,80,0,0.0,0.0,0.00044700000000119644,2,64
0,70,0,0.0,0.0,0.0005160000000010712,3,64
0,60,0,0.0,0.0,0.0006270000000014875,3,64
0,50,0,0.0,0.0,0.0005400000000008731,3,64
0,80,0,0.0,0.0,0.0005590000000008644,2,64
0,70,0,0.0,0.0,0.00045700000000081786,2,64
0,60,0,0.0,0.0,0.00043199999999998795,2,64
0,50,0,0.0,0.0,0.0003950000000010334,2,64
0,80,0,0.0,0.0,0.0004590000000010974,3,64
0,70,0,0.0,0.0,0.0004939999999997724,3,64
0,60,0,0.0,0.0,0.00044399999999988893,2,64
0,50,0,0.0,0.0,0.0004170000000005558,3,64
0,80,0,0.0,0.0,0.00047200000000025,2,64
0,70,0,0.0,0.0,0.0004249999999998977,2,64
0,60,0,0.0,0.0,0.0004989999999995831,2,64
0,50,0,0.0,0.0,0.0005609999999993676,2,64
0,80,0,0.0,0.0,0.0004590000000010974,3,64
0,70,0,0.0,0.0,0.0004910000000002412,3,64
0,60,0,0.0,0.0,0.0007079999999994868,3,64
0,50,0,0.0,0.0,0.00045700000000081786,4,64
0,80,0,0.0,0.0,0.0004810000000006198,2,64
0,70,0,0.0,0.0,0.0005289999999984474,2,64
0,60,0,0.0,0.0,0.0004559999999997899,2,64
0,50,0,0.0,0.0,0.00047599999999903275,2,64
0,80,0,0.0,0.0,0.0004380000000008266,2,64
0,70,0,0.0,0.0,0.00042799999999942884,2,64
0,60,0,0.0,0.0,0.00043600000000054706,2,64
0,50,0,0.0,0.0,0.00047599999999903275,2,64
0,80,0,0.0,0.0,0.00047400000000052955,4,64
0,70,0,0.0,0.0,0.0004729999999995016,4,64
0,60,0,0.0,0.0,0.0004629999999998802,3,64
0,50,0,0.0,0.0,0.00045999999999857266,3,64
0,80,0,0.0,0.0,0.00047699999999828435,2,64
0,70,0,0.0,0.0,0.00047999999999959186,2,64
0,60,0,0.0,0.0,0.00044300000000063733,2,64
0,50,0,0.0,0.0,0.00041599999999952786,3,64
0,80,0,0.0,0.0,0.00047099999999922204,3,64
0,70,0,0.0,0.0,0.0004540000000012867,3,64
0,60,0,0.0,0.0,0.0004509999999999792,3,64
0,50,0,0.0,0.0,0.0004340000000002675,3,64
0,80,0,0.0,0.0,0.00046999999999997044,3,64
0,70,0,0.0,0.0,0.00042600000000092564,3,64
0,60,0,0.0,0.0,0.0005290000000002237,3,64
0,50,0,0.0,0.0,0.0004259999999991493,3,64
0,80,0,0.0,0.0,0.0004899999999992133,3,64
0,70,0,0.0,0.0,0.00047499999999978115,3,64
0,60,0,0.0,0.0,0.00041099999999971715,3,64
0,50,0,0.0,0.0,0.0004459999999983921,3,64
0,80,0,0.0,0.0,0.0004760000000008091,3,64
0,70,0,0.0,0.0,0.0005450000000006838,3,64
0,60,0,0.0,0.0,0.0004259999999991493,3,64
0,50,0,0.0,0.0,0.00042700000000017724,3,64
0,80,0,0.0,0.0,0.00047999999999959186,3,64
0,70,0,0.0,0.0,0.0004629999999998802,3,64
0,60,0,0.0,0.0,0.0004590000000010974,3,64
0,50,0,0.0,0.0,0.000449000000001476,3,64
0,80,0,0.0,0.0,0.0004900000000009896,3,64
0,70,0,0.0,0.0,0.00046500000000015973,2,64
0,60,0,0.0,0.0,0.00047099999999922204,2,64
0,50,0,0.0,0.0,0.00045300000000025875,4,64
0,80,0,0.0,0.0,0.00045200000000100715,3,64
0,70,0,0.0,0.0,0.0004509999999999792,3,64
0,60,0,0.0,0.0,0.00044499999999914053,3,64
0,50,0,0.0,0.0,0.00041099999999971715,2,64
0,80,0,0.0,0.0,0.0006330000000005498,4,128
0,70,0,0.0,0.0,0.0005140000000007916,3,128
0,60,0,0.0,0.0,0.00047199999999847364,3,128
0,50,0,0.0,0.0,0.0004559999999997899,3,128
0,80,0,0.0,0.0,0.0004939999999997724,3,128
0,70,0,0.0,0.0,0.0004679999999996909,3,128
0,60,0,0.0,0.0,0.000518999999998826,4,128
0,50,0,0.0,0.0,0.0004469999999994201,4,128
0,80,0,0.0,0.0,0.0006419999999991433,4,128
0,70,0,0.0,0.0,0.00048500000000117893,4,128
0,60,0,0.0,0.0,0.0004509999999999792,4,128
0,50,0,0.0,0.0,0.0004460000000001685,5,128
0,80,0,0.0,0.0,0.0005470000000009634,3,128
0,70,0,0.0,0.0,0.000494999999999024,3,128
0,60,0,0.0,0.0,0.0004710000000009984,3,128
0,50,0,0.0,0.0,0.00045399999999951035,2,128
0,80,0,0.0,0.0,0.0006079999999997199,4,128
0,70,0,0.0,0.0,0.00046999999999997044,3,128
0,60,0,0.0,0.0,0.0004509999999999792,3,128
0,50,0,0.0,0.0,0.00045300000000025875,4,128
0,80,0,0.0,0.0,0.0006099999999999994,3,128
0,70,0,0.0,0.0,0.0004729999999995016,3,128
0,60,0,0.0,0.0,0.0004980000000003315,3,128
0,50,0,0.0,0.0,0.0004349999999995191,2,128
0,80,0,0.0,0.0,0.0005629999999996471,3,128
0,70,0,0.0,0.0,0.0004629999999998802,3,128
0,60,0,0.0,0.0,0.0004509999999999792,3,128
0,50,0,0.0,0.0,0.0004980000000003315,2,128
0,80,0,0.0,0.0,0.0007440000000009661,4,128
0,70,0,0.0,0.0,0.0004779999999993123,4,128
0,60,0,0.0,0.0,0.0004579999999982931,4,128
0,50,0,0.0,0.0,0.00045899999999932106,4,128
0,80,0,0.0,0.0,0.0006269999999997111,3,128
0,70,0,0.0,0.0,0.0004609999999996006,3,128
0,60,0,0.0,0.0,0.0005220000000001335,3,128
0,50,0,0.0,0.0,0.0004390000000000782,2,128
0,80,0,0.0,0.0,0.0011499999999990962,4,128
0,70,0,0.0,0.0,0.0004639999999991318,4,128
0,60,0,0.0,0.0,0.0004629999999998802,3,128
0,50,0,0.0,0.0,0.00044700000000119644,3,128
0,80,0,0.0,0.0,0.001224000000000558,4,128
0,70,0,0.0,0.0,0.00048699999999968213,4,128
0,60,0,0.0,0.0,0.00044800000000044804,4,128
0,50,0,0.0,0.0,0.0004559999999997899,3,128
0,80,0,0.0,0.0,0.00047999999999959186,2,128
0,70,0,0.0,0.0,0.0004710000000009984,2,128
0,60,0,0.0,0.0,0.0004540000000012867,2,128
0,50,0,0.0,0.0,0.0004989999999995831,2,128
0,80,0,0.0,0.0,0.0004910000000002412,3,128
0,70,0,0.0,0.0,0.0004660000000011877,3,128
0,60,0,0.0,0.0,0.00046999999999997044,3,128
0,50,0,0.0,0.0,0.0004450000000009169,3,128
0,80,0,0.0,0.0,0.0005439999999996559,3,128
0,70,0,0.0,0.0,0.0004689999999989425,4,128
0,60,0,0.0,0.0,0.00045200000000100715,4,128
0,50,0,0.0,0.0,0.00044199999999960937,3,128
0,80,0,0.0,0.0,0.0004980000000003315,4,128
0,70,0,0.0,0.0,0.0005000000000006111,6,128
0,60,0,0.0,0.0,0.0005899999999989802,3,128
0,50,0,0.0,0.0,0.0005579999999998364,3,128
0,80,0,0.0,0.0,0.0005640000000006751,5,128
0,70,0,0.0,0.0,0.000496000000000052,5,128
0,60,0,0.0,0.0,0.0005340000000000344,5,128
0,50,0,0.0,0.0,0.0005059999999996734,4,128
0,80,0,0.0,0.0,0.0004810000000006198,3,128
0,70,0,0.0,0.0,0.0004819999999998714,4,128
0,60,0,0.0,0.0,0.0005439999999996559,3,128
0,50,0,0.0,0.0,0.0005400000000008731,3,128
0,80,0,0.0,0.0,0.0004939999999997724,2,128
0,70,0,0.0,0.0,0.0005860000000019738,2,128
0,60,0,0.0,0.0,0.0005229999999976087,2,128
0,50,0,0.0,0.0,0.0004460000000001685,3,128
0,80,0,0.0,0.0,0.0005759999999987997,5,128
0,70,0,0.0,0.0,0.0004920000000012692,4,128
0,60,0,0.0,0.0,0.0005440000000014322,5,128
0,50,0,0.0,0.0,0.00046799999999791453,5,128
0,80,0,0.0,0.0,0.000484000000000151,2,128
0,70,0,0.0,0.0,0.0005300000000012517,2,128
0,60,0,0.0,0.0,0.0005000000000023874,2,128
0,50,0,0.0,0.0,0.0004460000000001685,2,128
0,80,0,0.0,0.0,0.0007750000000008583,3,128
0,70,0,0.0,0.0,0.000484000000000151,3,128
0,60,0,0.0,0.0,0.000460000000000349,3,128
0,50,0,0.0,0.0,0.0005430000000004043,3,128
0,80,0,0.0,0.0,0.0005689999999987094,3,128
0,70,0,0.0,0.0,0.000512000000000512,3,128
0,60,0,0.0,0.0,0.0004580000000018458,3,128
0,50,0,0.0,0.0,0.000460000000000349,3,128
0,80,0,0.0,0.0,0.0005190000000006023,3,128
0,70,0,0.0,0.0,0.0004729999999995016,3,128
0,60,0,0.0,0.0,0.0004649999999983834,3,128
0,50,0,0.0,0.0,0.0005239999999986367,3,128
0,80,0,0.0,0.0,0.0005770000000033804,3,128
0,70,0,0.0,0.0,0.0005060000000014497,3,128
0,60,0,0.0,0.0,0.00045699999999726515,2,128
0,50,0,0.0,0.0,0.0004519999999992308,2,128
0,80,0,0.0,0.0,0.0006130000000013069,3,128
0,70,0,0.0,0.0,0.0005400000000008731,2,128
0,60,0,0.0,0.0,0.0004999999999988347,2,128
0,50,0,0.0,0.0,0.0004789999999985639,2,128
0,80,0,0.0,0.0,0.0005220000000001335,5,128
0,70,0,0.0,0.0,0.000566000000002731,5,128
0,60,0,0.0,0.0,0.0005099999999984561,4,128
0,50,0,0.0,0.0,0.0005179999999995744,3,128
0,80,0,0.0,0.0,0.0005400000000008731,2,128
0,70,0,0.0,0.0,0.0004990000000013595,2,128
0,60,0,0.0,0.0,0.0005190000000006023,2,128
0,50,0,0.0,0.0,0.000536000000000314,2,128
0,80,0,0.0,0.0,0.0005799999999993588,3,128
0,70,0,0.0,0.0,0.0006099999999982231,4,128
0,60,0,0.0,0.0,0.0005509999999979698,3,128
0,50,0,0.0,0.0,0.000537000000001342,3,128
0,80,0,0.0,0.0,0.0005790000000018836,4,128
0,70,0,0.0,0.0,0.0005309999999987269,3,128
0,60,0,0.0,0.0,0.0005780000000008556,4,128
0,50,0,0.0,0.0,0.0005849999999973932,4,128
0,80,0,0.0,0.0,0.0005150000000000432,2,128
0,70,0,0.0,0.0,0.0006360000000000809,2,128
0,60,0,0.0,0.0,0.0006990000000008934,2,128
0,50,0,0.0,0.0,0.000460000000000349,2,128
0,80,0,0.0,0.0,0.0007540000000005875,3,256
0,70,0,0.0,0.0,0.000658999999998855,3,256
0,60,0,0.0,0.0,0.0005440000000014322,3,256
0,50,0,0.0,0.0,0.0005999999999986017,3,256
0,80,0,0.0,0.0,0.0007800000000024454,5,256
0,70,0,0.0,0.0,0.000610999999999251,5,256
0,60,0,0.0,0.0,0.000589000000001505,5,256
0,50,0,0.0,0.0,0.0008109999999987849,5,256
0,80,0,0.0,0.0,0.0006190000000003693,2,256
0,70,0,0.0,0.0,0.0006050000000001887,2,256
0,60,0,0.0,0.0,0.0005479999999984386,2,256
0,50,0,0.0,0.0,0.0005239999999986367,3,256
0,80,0,0.0,0.0,0.0006360000000000809,3,256
0,70,0,0.0,0.0,0.0005490000000030193,3,256
0,60,0,0.0,0.0,0.0005419999999993763,3,256
0,50,0,0.0,0.0,0.0010489999999983013,3,256
0,80,0,0.0,0.0,0.0007090000000005148,3,256
0,70,0,0.0,0.0,0.000565000000001703,3,256
0,60,0,0.0,0.0,0.0005449999999989075,3,256
0,50,0,0.0,0.0,0.0005399999999973204,3,256
0,80,0,0.0,0.0,0.0006140000000023349,5,256
0,70,0,0.0,0.0,0.0005949999999970146,4,256
0,60,0,0.0,0.0,0.000536000000000314,4,256
0,50,0,0.0,0.0,0.0005249999999996646,4,256
0,80,0,0.0,0.0,0.0006149999999998101,4,256
0,70,0,0.0,0.0,0.0006160000000008381,6,256
0,60,0,0.0,0.0,0.000537000000001342,6,256
0,50,0,0.0,0.0,0.0004860000000022069,5,256
0,80,0,0.0,0.0,0.0006190000000003693,6,256
0,70,0,0.0,0.0,0.000558999999999088,7,256
0,60,0,0.0,0.0,0.0005609999999975912,5,256
0,50,0,0.0,0.0,0.0004910000000002412,5,256
0,80,0,0.0,0.0,0.0006190000000003693,5,256
0,70,0,0.0,0.0,0.0005389999999998452,4,256
0,60,0,0.0,0.0,0.0005759999999987997,5,256
0,50,0,0.0,0.0,0.0006369999999975562,4,256
0,80,0,0.0,0.0,0.0006440000000011992,4,256
0,70,0,0.0,0.0,0.0005330000000007828,4,256
0,60,0,0.0,0.0,0.0005419999999993763,4,256
0,50,0,0.0,0.0,0.0005929999999985114,4,256
0,80,0,0.0,0.0,0.0006360000000000809,4,256
0,70,0,0.0,0.0,0.0005400000000008731,4,256
0,60,0,0.0,0.0,0.0005209999999991055,4,256
0,50,0,0.0,0.0,0.00051300000000154,4,256
0,80,0,0.0,0.0,0.0006529999999997926,5,256
0,70,0,0.0,0.0,0.0005859999999984211,4,256
0,60,0,0.0,0.0,0.0005029999999983659,3,256
0,50,0,0.0,0.0,0.0007029999999978997,3,256
0,80,0,0.0,0.0,0.0007350000000023726,3,256
0,70,0,0.0,0.0,0.0006239999999984036,3,256
0,60,0,0.0,0.0,0.0006249999999994316,2,256
0,50,0,0.0,0.0,0.0005190000000006023,2,256
0,80,0,0.0,0.0,0.0006629999999994141,5,256
0,70,0,0.0,0.0,0.0006170000000018661,5,256
0,60,0,0.0,0.0,0.0005400000000008731,4,256
0,50,0,0.0,0.0,0.00048699999999968213,4,256
0,80,0,0.0,0.0,0.0006020000000006576,2,256
0,70,0,0.0,0.0,0.0006030000000016855,2,256
0,60,0,0.0,0.0,0.0005270000000017205,4,256
0,50,0,0.0,0.0,0.0005540000000010536,4,256
0,80,0,0.0,0.0,0.00058299999999889,4,256
0,70,0,0.0,0.0,0.0005740000000002965,4,256
0,60,0,0.0,0.0,0.0005249999999996646,5,256
0,50,0,0.0,0.0,0.0005169999999985464,5,256
0,80,0,0.0,0.0,0.0005729999999992685,4,256
0,70,0,0.0,0.0,0.0005570000000005848,4,256
0,60,0,0.0,0.0,0.0005249999999996646,4,256
0,50,0,0.0,0.0,0.0005740000000002965,3,256
0,80,0,0.0,0.0,0.0006260000000004595,3,256
0,70,0,0.0,0.0,0.0006099999999982231,4,256
0,60,0,0.0,0.0,0.0005750000000013245,4,256
0,50,0,0.0,0.0,0.0006270000000014875,4,256
0,80,0,0.0,0.0,0.0006769999999995946,2,256
0,70,0,0.0,0.0,0.0006079999999997199,2,256
0,60,0,0.0,0.0,0.0004990000000013595,2,256
0,50,0,0.0,0.0,0.0005009999999998627,2,256
0,80,0,0.0,0.0,0.0006969999999988374,3,256
0,70,0,0.0,0.0,0.0006310000000020466,3,256
0,60,0,0.0,0.0,0.0005160000000010712,3,256
0,50,0,0.0,0.0,0.00047599999999903275,3,256
0,80,0,0.0,0.0,0.0006470000000007303,5,256
0,70,0,0.0,0.0,0.0006939999999993063,5,256
0,60,0,0.0,0.0,0.0006039999999991608,4,256
0,50,0,0.0,0.0,0.0007540000000005875,4,256
0,80,0,0.0,0.0,0.0006620000000019388,5,256
0,70,0,0.0,0.0,0.0006480000000017583,5,256
0,60,0,0.0,0.0,0.0006680000000010011,4,256
0,50,0,0.0,0.0,0.0006920000000008031,3,256
0,80,0,0.0,0.0,0.0005990000000011264,3,256
0,70,0,0.0,0.0,0.0006970000000023902,3,256
0,60,0,0.0,0.0,0.0005840000000034706,3,256
0,50,0,0.0,0.0,0.0006580000000013797,3,256
0,80,0,0.0,0.0,0.0006249999999994316,3,256
0,70,0,0.0,0.0,0.0006219999999999004,4,256
0,60,0,0.0,0.0,0.0007009999999993966,4,256
0,50,0,0.0,0.0,0.0007269999999977017,4,256
0,80,0,0.0,0.0,0.0006330000000005498,3,256
0,70,0,0.0,0.0,0.0011870000000016034,3,256
0,60,0,0.0,0.0,0.0015169999999997685,3,256
0,50,0,0.0,0.0,0.0008650000000010039,3,256
0,80,0,0.0,0.0,0.0006470000000007303,4,256
0,70,0,0.0,0.0,0.0006810000000001537,4,256
0,60,0,0.0,0.0,0.0006860000000017408,4,256
0,50,0,0.0,0.0,0.0005459999999999354,4,256
0,80,0,0.0,0.0,0.0013640000000023633,7,256
0,70,0,0.0,0.0,0.000786999999998983,5,256
0,60,0,0.0,0.0,0.0005850000000009459,4,256
0,50,0,0.0,0.0,0.0008280000000020493,4,256
0,80,0,0.0,0.0,0.000814999999999344,6,256
0,70,0,0.0,0.0,0.0010430000000027917,6,256
0,60,0,0.0,0.0,0.0006169999999983133,4,256
0,50,0,0.0,0.0,0.0009480000000010591,4,256
0,80,0,0.0,0.0,0.0005980000000000985,3,256
0,70,0,0.0,0.0,0.0008470000000002642,3,256
0,60,0,0.0,0.0,0.0006260000000004595,3,256
0,50,0,0.0,0.0,0.000588000000000477,3,256
0,80,0,0.0,0.0,0.0006310000000020466,4,256
0,70,0,0.0,0.0,0.0005929999999985114,4,256
0,60,0,0.0,0.0,0.0005779999999973029,4,256
0,50,0,0.0,0.0,0.0007049999999999557,4,256
0,80,0,0.0,0.0,0.0012249999999980332,7,512
0,70,0,0.0,0.0,0.000846000000002789,4,512
0,60,0,0.0,0.0,0.0007359999999998479,4,512
0,50,0,0.0,0.0,0.0009289999999992915,4,512
0,80,0,0.0,0.0,0.0008540000000003545,3,512
0,70,0,0.0,0.0,0.0008649999999974511,4,512
0,60,0,0.0,0.0,0.0008400000000001739,3,512
0,50,0,0.0,0.0,0.0009339999999973259,3,512
0,80,0,0.0,0.0,0.0011330000000029372,5,512
0,70,0,0.0,0.0,0.0008189999999999031,5,512
0,60,0,0.0,0.0,0.0007880000000000109,5,512
0,50,0,0.0,0.0,0.0009519999999980655,4,512
0,80,0,0.0,0.0,0.000914999999999111,5,512
0,70,0,0.0,0.0,0.0008109999999987849,4,512
0,60,0,0.0,0.0,0.0007269999999977017,4,512
0,50,0,0.0,0.0,0.0008550000000013824,3,512
0,80,0,0.0,0.0,0.0011009999999984643,5,512
0,70,0,0.0,0.0,0.0008709999999965135,6,512
0,60,0,0.0,0.0,0.0008040000000022474,5,512
0,50,0,0.0,0.0,0.0006709999999969796,4,512
0,80,0,0.0,0.0,0.0008029999999976667,3,512
0,70,0,0.0,0.0,0.0007950000000036539,3,512
0,60,0,0.0,0.0,0.0007120000000000459,4,512
0,50,0,0.0,0.0,0.0006479999999982056,2,512
0,80,0,0.0,0.0,0.0012600000000020373,2,512
0,70,0,0.0,0.0,0.0007959999999940237,2,512
0,60,0,0.0,0.0,0.0008359999999996148,2,512
0,50,0,0.0,0.0,0.0006510000000048421,2,512
0,80,0,0.0,0.0,0.0008580000000009136,4,512
0,70,0,0.0,0.0,0.0011060000000000514,4,512
0,60,0,0.0,0.0,0.0007100000000050954,4,512
0,50,0,0.0,0.0,0.0006730000000061409,4,512
0,80,0,0.0,0.0,0.0008559999999988577,5,512
0,70,0,0.0,0.0,0.0008139999999983161,6,512
0,60,0,0.0,0.0,0.0007610000000042305,5,512
0,50,0,0.0,0.0,0.000717000000001633,4,512
0,80,0,0.0,0.0,0.000816000000000372,4,512
0,70,0,0.0,0.0,0.0007929999999944926,4,512
0,60,0,0.0,0.0,0.0006999999999948159,5,512
0,50,0,0.0,0.0,0.0006540000000043733,5,512
0,80,0,0.0,0.0,0.0008289999999959718,4,512
0,70,0,0.0,0.0,0.0007570000000001187,4,512
0,60,0,0.0,0.0,0.0006989999999973406,3,512
0,50,0,0.0,0.0,0.000664000000000442,2,512
0,80,0,0.0,0.0,0.0007820000000009486,3,512
0,70,0,0.0,0.0,0.0006990000000044461,3,512
0,60,0,0.0,0.0,0.0009629999999987149,3,512
0,50,0,0.0,0.0,0.0006740000000036162,3,512
0,80,0,0.0,0.0,0.0011259999999992942,3,512
0,70,0,0.0,0.0,0.0007529999999960069,4,512
0,60,0,0.0,0.0,0.0007120000000000459,4,512
0,50,0,0.0,0.0,0.00089900000000398,4,512
0,80,0,0.0,0.0,0.0008580000000009136,3,512
0,70,0,0.0,0.0,0.0007360000000034006,3,512
0,60,0,0.0,0.0,0.0008330000000000837,3,512
0,50,0,0.0,0.0,0.0008869999999987499,3,512
0,80,0,0.0,0.0,0.0009199999999935926,2,512
0,70,0,0.0,0.0,0.0007090000000005148,2,512
0,60,0,0.0,0.0,0.0006839999999996849,2,512
0,50,0,0.0,0.0,0.0008479999999977395,2,512
0,80,0,0.0,0.0,0.0008200000000044838,5,512
0,70,0,0.0,0.0,0.0009420000000019968,5,512
0,60,0,0.0,0.0,0.000920000000000698,5,512
0,50,0,0.0,0.0,0.0008769999999955758,5,512
0,80,0,0.0,0.0,0.0010140000000049554,5,512
0,70,0,0.0,0.0,0.0008660000000020318,5,512
0,60,0,0.0,0.0,0.0007650000000012369,5,512
0,50,0,0.0,0.0,0.00070999999999799,5,512
0,80,0,0.0,0.0,0.0009170000000011669,3,512
0,70,0,0.0,0.0,0.0007429999999999382,3,512
0,60,0,0.0,0.0,0.0006500000000002615,3,512
0,50,0,0.0,0.0,0.0006559999999993238,3,512
0,80,0,0.0,0.0,0.0007960000000011291,4,512
0,70,0,0.0,0.0,0.0008819999999971628,4,512
0,60,0,0.0,0.0,0.0011450000000010618,4,512
0,50,0,0.0,0.0,0.0012809999999987554,4,512
0,80,0,0.0,0.0,0.0012019999999992592,2,512
0,70,0,0.0,0.0,0.0007160000000041578,2,512
0,60,0,0.0,0.0,0.0006580000000013797,2,512
0,50,0,0.0,0.0,0.0008279999999984966,2,512
0,80,0,0.0,0.0,0.0007850000000004798,2,512
0,70,0,0.0,0.0,0.0008040000000022474,2,512
0,60,0,0.0,0.0,0.00070999999999799,2,512
0,50,0,0.0,0.0,0.000914999999999111,3,512
0,80,0,0.0,0.0,0.000869000000001563,3,512
0,70,0,0.0,0.0,0.0007289999999997576,3,512
0,60,0,0.0,0.0,0.002119000000000426,3,512
0,50,0,0.0,0.0,0.0007069999999984589,3,512
0,80,0,0.0,0.0,0.0009019999999964057,4,512
0,70,0,0.0,0.0,0.0007670000000032928,4,512
0,60,0,0.0,0.0,0.0007670000000032928,4,512
0,50,0,0.0,0.0,0.0006920000000008031,4,512
0,80,0,0.0,0.0,0.0007670000000032928,3,512
0,70,0,0.0,0.0,0.0009009999999989304,3,512
0,60,0,0.0,0.0,0.0006970000000023902,3,512
0,50,0,0.0,0.0,0.0006989999999973406,3,512
0,80,0,0.0,0.0,0.0010890000000003397,6,512
0,70,0,0.0,0.0,0.0007549999999980628,4,512
0,60,0,0.0,0.0,0.0022829999999984807,4,512
0,50,0,0.0,0.0,0.0006690000000020291,4,512
0,80,0,0.0,0.0,0.0013649999999998386,6,512
0,70,0,0.0,0.0,0.000821000000001959,5,512
0,60,0,0.0,0.0,0.0007260000000002265,5,512
0,50,0,0.0,0.0,0.000755999999995538,5,512
0,80,0,0.0,0.0,0.0009590000000017085,3,512
0,70,0,0.0,0.0,0.0011349999999978877,3,512
0,60,0,0.0,0.0,0.0010230000000035488,3,512
0,50,0,0.0,0.0,0.000686999999999216,3,512
0,80,0,0.0,0.0,0.0008839999999992187,3,512
0,70,0,0.0,0.0,0.0008030000000047721,3,512
0,60,0,0.0,0.0,0.0007649999999941315,3,512
0,50,0,0.0,0.0,0.0007899999999949614,3,512
0,80,0,0.0,0.0,0.0008380000000016707,3,512
0,70,0,0.0,0.0,0.0007790000000014174,3,512
0,60,0,0.0,0.0,0.0007220000000032201,3,512
0,50,0,0.0,0.0,0.0006540000000043733,3,512
0,80,0,0.0,0.0,0.0013709999999989009,3,512
0,70,0,0.0,0.0,0.0007489999999990005,3,512
0,60,0,0.0,0.0,0.0007200000000011642,3,512
0,50,0,0.0,0.0,0.0006520000000023174,3,512
0,80,0,0.0,0.0,0.00186300000000017,3,1024
0,70,0,0.0,0.0,0.0012730000000047426,5,1024
0,60,0,0.0,0.0,0.001028000000005136,5,1024
0,50,0,0.0,0.0,0.0013269999999963034,5,1024
0,80,0,0.0,0.0,0.0012550000000004502,5,1024
0,70,0,0.0,0.0,0.0012460000000018567,5,1024
0,60,0,0.0,0.0,0.0015039999999970632,6,1024
0,50,0,0.0,0.0,0.001936000000000604,5,1024
0,80,0,0.0,0.0,0.0013199999999997658,5,1024
0,70,0,0.0,0.0,0.00111599999999612,5,1024
0,60,0,0.0,0.0,0.001297999999998467,5,1024
0,50,0,0.0,0.0,0.0014380000000002724,5,1024
0,80,0,0.0,0.0,0.0011900000000011346,6,1024
0,70,0,0.0,0.0,0.0010580000000004475,4,1024
0,60,0,0.0,0.0,0.0011609999999961929,4,1024
0,50,0,0.0,0.0,0.00145700000000204,5,1024
0,80,0,0.0,0.0,0.001315999999995654,4,1024
0,70,0,0.0,0.0,0.0010420000000053165,4,1024
0,60,0,0.0,0.0,0.0015429999999980737,4,1024
0,50,0,0.0,0.0,0.0017490000000037753,2,1024
0,80,0,0.0,0.0,0.0014940000000009945,4,1024
0,70,0,0.0,0.0,0.0012319999999945708,4,1024
0,60,0,0.0,0.0,0.0011190000000027567,4,1024
0,50,0,0.0,0.0,0.0015160000000022933,4,1024
0,80,0,0.0,0.0,0.002427000000004398,4,1024
0,70,0,0.0,0.0,0.0017060000000057585,4,1024
0,60,0,0.0,0.0,0.0011539999999996553,3,1024
0,50,0,0.0,0.0,0.0015530000000012478,4,1024
0,80,0,0.0,0.0,0.001728999999997427,5,1024
0,70,0,0.0,0.0,0.0011849999999995475,5,1024
0,60,0,0.0,0.0,0.0017199999999988336,5,1024
0,50,0,0.0,0.0,0.001464000000005683,5,1024
0,80,0,0.0,0.0,0.0017139999999997713,4,1024
0,70,0,0.0,0.0,0.0010800000000017462,4,1024
0,60,0,0.0,0.0,0.0010430000000027917,4,1024
0,50,0,0.0,0.0,0.0013500000000021828,4,1024
0,80,0,0.0,0.0,0.0013210000000043465,5,1024
0,70,0,0.0,0.0,0.0013390000000015334,6,1024
0,60,0,0.0,0.0,0.001061000000007084,5,1024
0,50,0,0.0,0.0,0.0015950000000088949,6,1024
0,80,0,0.0,0.0,0.0011719999999968422,5,1024
0,70,0,0.0,0.0,0.0012369999999890524,5,1024
0,60,0,0.0,0.0,0.0011650000000003047,5,1024
0,50,0,0.0,0.0,0.0016789999999957672,5,1024
0,80,0,0.0,0.0,0.001300000000000523,5,1024
0,70,0,0.0,0.0,0.0011379999999974189,5,1024
0,60,0,0.0,0.0,0.001234999999994102,5,1024
0,50,0,0.0,0.0,0.0013519999999971333,5,1024
0,80,0,0.0,0.0,0.0011800000000050659,3,1024
0,70,0,0.0,0.0,0.001082999999994172,3,1024
0,60,0,0.0,0.0,0.0012849999999957618,3,1024
0,50,0,0.0,0.0,0.0013450000000005957,2,1024
0,80,0,0.0,0.0,0.001416000000006079,6,1024
0,70,0,0.0,0.0,0.001188999999996554,6,1024
0,60,0,0.0,0.0,0.0013160000000027594,4,1024
0,50,0,0.0,0.0,0.001365000000006944,4,1024
0,80,0,0.0,0.0,0.0013719999999892707,3,1024
0,70,0,0.0,0.0,0.0015849999999915099,3,1024
0,60,0,0.0,0.0,0.001254000000002975,3,1024
0,50,0,0.0,0.0,0.0014400000000023283,3,1024
0,80,0,0.0,0.0,0.0012830000000008113,4,1024
0,70,0,0.0,0.0,0.0011830000000117025,4,1024
0,60,0,0.0,0.0,0.001069999999998572,4,1024
0,50,0,0.0,0.0,0.0014649999999960528,4,1024
0,80,0,0.0,0.0,0.0014370000000099026,4,1024
0,70,0,0.0,0.0,0.0012479999999897018,4,1024
0,60,0,0.0,0.0,0.0014320000000083155,4,1024
0,50,0,0.0,0.0,0.0013339999999999463,4,1024
0,80,0,0.0,0.0,0.0013870000000082428,5,1024
0,70,0,0.0,0.0,0.0013349999999974216,5,1024
0,60,0,0.0,0.0,0.0009230000000002292,2,1024
0,50,0,0.0,0.0,0.001964000000000965,6,1024
0,80,0,0.0,0.0,0.0012369999999890524,5,1024
0,70,0,0.0,0.0,0.0011689999999902057,6,1024
0,60,0,0.0,0.0,0.0010809999999992215,6,1024
0,50,0,0.0,0.0,0.0016710000000017544,6,1024
0,80,0,0.0,0.0,0.0015779999999949723,4,1024
0,70,0,0.0,0.0,0.0010760000000118453,4,1024
0,60,0,0.0,0.0,0.0013900000000006685,4,1024
0,50,0,0.0,0.0,0.0017439999999879774,4,1024
0,80,0,0.0,0.0,0.0018890000000055807,4,1024
0,70,0,0.0,0.0,0.0011520000000047048,4,1024
0,60,0,0.0,0.0,0.0011630000000053542,4,1024
0,50,0,0.0,0.0,0.0015570000000053597,4,1024
0,80,0,0.0,0.0,0.0012709999999884758,4,1024
0,70,0,0.0,0.0,0.0013859999999965567,4,1024
0,60,0,0.0,0.0,0.001308999999992011,4,1024
0,50,0,0.0,0.0,0.0014029999999962683,4,1024
0,80,0,0.0,0.0,0.0013359999999948968,4,1024
0,70,0,0.0,0.0,0.001370000000008531,4,1024
0,60,0,0.0,0.0,0.0010500000000064347,4,1024
0,50,0,0.0,0.0,0.0014339999999890551,4,1024
0,80,0,0.0,0.0,0.0012959999999964111,4,1024
0,70,0,0.0,0.0,0.0011839999999949669,4,1024
0,60,0,0.0,0.0,0.0012069999999937409,4,1024
0,50,0,0.0,0.0,0.0017770000000041364,4,1024
0,80,0,0.0,0.0,0.0014139999999969177,6,1024
0,70,0,0.0,0.0,0.0013040000000046348,4,1024
0,60,0,0.0,0.0,0.0009750000000110504,4,1024
0,50,0,0.0,0.0,0.0013289999999983593,4,1024
0,80,0,0.0,0.0,0.0012729999999976371,5,1024
0,70,0,0.0,0.0,0.0016980000000046402,6,1024
0,60,0,0.0,0.0,0.0014299999999991542,7,1024
0,50,0,0.0,0.0,0.001957999999987692,6,1024
0,80,0,0.0,0.0,0.0012700000000052114,5,1024
0,70,0,0.0,0.0,0.00116599999999778,5,1024
0,60,0,0.0,0.0,0.0014510000000029777,4,1024
0,50,0,0.0,0.0,0.0013349999999974216,4,1024
0,80,0,0.0,0.0,0.0011930000000006658,4,1024
0,70,0,0.0,0.0,0.001345999999998071,4,1024
0,60,0,0.0,0.0,0.0009830000000050632,4,1024
0,50,0,0.0,0.0,0.0013929999999930942,4,1024
0,80,0,0.0,0.0,0.00126799999999605,3,1024
0,70,0,0.0,0.0,0.0016049999999978581,6,1024
0,60,0,0.0,0.0,0.0013379999999898473,5,1024
0,50,0,0.0,0.0,0.001287000000004923,5,1024
0,80,0,0.0,0.0,0.0013359999999948968,9,1024
0,70,0,0.0,0.0,0.0012499999999988631,7,1024
0,60,0,0.0,0.0,0.0010550000000080217,7,1024
0,50,0,0.0,0.0,0.00210200000000782,6,1024
0,80,0,0.0,0.0,0.004054999999993925,4,2048
0,70,0,0.0,0.0,0.0023589999999984457,5,2048
0,60,0,0.0,0.0,0.001960000000011064,5,2048
0,50,0,0.0,0.0,0.0026920000000103528,5,2048
0,80,0,0.0,0.0,0.0038940000000025066,4,2048
0,70,0,0.0,0.0,0.0020180000000067366,4,2048
0,60,0,0.0,0.0,0.0022160000000042146,4,2048
0,50,0,0.0,0.0,0.0023300000000006094,3,2048
0,80,0,0.0,0.0,0.0025440000000003238,6,2048
0,70,0,0.0,0.0,0.0028089999999991733,5,2048
0,60,0,0.0,0.0,0.0021539999999902193,6,2048
0,50,0,0.0,0.0,0.002305000000006885,5,2048
0,80,0,0.0,0.0,0.003585999999998535,5,2048
0,70,0,0.0,0.0,0.002157999999994331,5,2048
0,60,0,0.0,0.0,0.0040230000000036625,7,2048
0,50,0,0.0,0.0,0.005064000000004398,6,2048
0,80,0,0.0,0.0,0.00281200000000581,5,2048
0,70,0,0.0,0.0,0.002415999999996643,5,2048
0,60,0,0.0,0.0,0.0019429999999971415,5,2048
0,50,0,0.0,0.0,0.0025700000000057344,5,2048
0,80,0,0.0,0.0,0.0024549999999976535,5,2048
0,70,0,0.0,0.0,0.002005999999994401,5,2048
0,60,0,0.0,0.0,0.001649999999997931,4,2048
0,50,0,0.0,0.0,0.002657000000013454,4,2048
0,80,0,0.0,0.0,0.002645999999998594,7,2048
0,70,0,0.0,0.0,0.0028469999999884976,7,2048
0,60,0,0.0,0.0,0.0018230000000016844,6,2048
0,50,0,0.0,0.0,0.0023159999999933234,7,2048
0,80,0,0.0,0.0,0.0028470000000027085,5,2048
0,70,0,0.0,0.0,0.0022519999999985885,5,2048
0,60,0,0.0,0.0,0.001854000000008682,3,2048
0,50,0,0.0,0.0,0.002448000000001116,6,2048
0,80,0,0.0,0.0,0.002651000000000181,5,2048
0,70,0,0.0,0.0,0.0021409999999946194,5,2048
0,60,0,0.0,0.0,0.004989999999992278,5,2048
0,50,0,0.0,0.0,0.002758000000000038,7,2048
0,80,0,0.0,0.0,0.002540999999993687,6,2048
0,70,0,0.0,0.0,0.0022289999999998145,5,2048
0,60,0,0.0,0.0,0.0021839999999997417,6,2048
0,50,0,0.0,0.0,0.0030509999999992488,5,2048
0,80,0,0.0,0.0,0.0025799999999946976,5,2048
0,70,0,0.0,0.0,0.003497999999979129,5,2048
0,60,0,0.0,0.0,0.0027910000000019863,5,2048
0,50,0,0.0,0.0,0.002316999999976588,4,2048
0,80,0,0.0,0.0,0.00285299999998756,6,2048
0,70,0,0.0,0.0,0.002309999999994261,6,2048
0,60,0,0.0,0.0,0.0019569999999760057,5,2048
0,50,0,0.0,0.0,0.0023799999999880583,5,2048
0,80,0,0.0,0.0,0.002963999999991529,7,2048
0,70,0,0.0,0.0,0.0025060000000109994,7,2048
0,60,0,0.0,0.0,0.0021820000000047912,7,2048
0,50,0,0.0,0.0,0.0029360000000053788,7,2048
0,80,0,0.0,0.0,0.0028089999999849624,7,2048
0,70,0,0.0,0.0,0.0021090000000185682,7,2048
0,60,0,0.0,0.0,0.002355999999991809,6,2048
0,50,0,0.0,0.0,0.003153999999994994,6,2048
0,80,0,0.0,0.0,0.0025689999999940483,5,2048
0,70,0,0.0,0.0,0.0021509999999977936,5,2048
0,60,0,0.0,0.0,0.0031749999999988177,5,2048
0,50,0,0.0,0.0,0.0028620000000216805,5,2048
0,80,0,0.0,0.0,0.0025019999999926767,5,2048
0,70,0,0.0,0.0,0.0023370000000113578,5,2048
0,60,0,0.0,0.0,0.0020269999999982247,5,2048
0,50,0,0.0,0.0,0.0026630000000125165,5,2048
0,80,0,0.0,0.0,0.0025789999999972224,4,2048
0,70,0,0.0,0.0,0.002848999999997659,7,2048
0,60,0,0.0,0.0,0.0025290000000097734,7,2048
0,50,0,0.0,0.0,0.0028549999999825104,8,2048
0,80,0,0.0,0.0,0.0028829999999970823,4,2048
0,70,0,0.0,0.0,0.003993000000008351,4,2048
0,60,0,0.0,0.0,0.002093000000002121,4,2048
0,50,0,0.0,0.0,0.002783999999991238,4,2048
0,80,0,0.0,0.0,0.002571999999986474,4,2048
0,70,0,0.0,0.0,0.002584999999982074,4,2048
0,60,0,0.0,0.0,0.0021329999999863958,3,2048
0,50,0,0.0,0.0,0.002803000000000111,4,2048
0,80,0,0.0,0.0,0.0026479999999935444,6,2048
0,70,0,0.0,0.0,0.002449000000012802,6,2048
0,60,0,0.0,0.0,0.0020579999999768006,6,2048
0,50,0,0.0,0.0,0.004325999999991836,5,2048
0,80,0,0.0,0.0,0.005463999999989255,5,2048
0,70,0,0.0,0.0,0.002075000000019145,5,2048
0,60,0,0.0,0.0,0.0018189999999833617,4,2048
0,50,0,0.0,0.0,0.003797999999989088,4,2048
0,80,0,0.0,0.0,0.0022350000000130876,5,2048
0,70,0,0.0,0.0,0.002299999999991087,6,2048
0,60,0,0.0,0.0,0.0017269999999882657,5,2048
0,50,0,0.0,0.0,0.002524000000022397,4,2048
0,80,0,0.0,0.0,0.003856000000013182,5,2048
0,70,0,0.0,0.0,0.002450999999979331,5,2048
0,60,0,0.0,0.0,0.002093000000002121,5,2048
0,50,0,0.0,0.0,0.0027000000000043656,5,2048
0,80,0,0.0,0.0,0.002895999999992682,4,2048
0,70,0,0.0,0.0,0.00208900000001222,4,2048
0,60,0,0.0,0.0,0.002025000000003274,4,2048
0,50,0,0.0,0.0,0.002672999999987269,5,2048
0,80,0,0.0,0.0,0.0024500000000102773,5,2048
0,70,0,0.0,0.0,0.0023079999999993106,4,2048
0,60,0,0.0,0.0,0.001958999999999378,4,2048
0,50,0,0.0,0.0,0.0026849999999853935,4,2048
0,80,0,0.0,0.0,0.002521999999999025,5,2048
0,70,0,0.0,0.0,0.00262299999999982,5,2048
0,60,0,0.0,0.0,0.0019020000000011805,5,2048
0,50,0,0.0,0.0,0.0028230000000064592,5,2048
0,80,0,0.0,0.0,0.0038310000000194577,6,2048
0,70,0,0.0,0.0,0.0022010000000136642,6,2048
0,60,0,0.0,0.0,0.0017359999999939646,6,2048
0,50,0,0.0,0.0,0.0027309999999829415,5,2048
0,80,0,0.0,0.0,0.002256000000016911,3,2048
0,70,0,0.0,0.0,0.0021690000000091914,3,2048
0,60,0,0.0,0.0,0.001783999999986463,3,2048
0,50,0,0.0,0.0,0.0025710000000174205,3,2048
0,80,0,0.0,0.0,0.0028319999999837364,7,2048
0,70,0,0.0,0.0,0.0023580000000151813,7,2048
0,60,0,0.0,0.0,0.0021219999999857464,6,2048
0,50,0,0.0,0.0,0.0026429999999777465,6,2048
0,80,0,0.0,0.0,0.0024869999999737047,4,2048
0,70,0,0.0,0.0,0.004016000000007125,7,2048
0,60,0,0.0,0.0,0.002149000000002843,7,2048
0,50,0,0.0,0.0,0.002925999999973783,7,2048
0,80,0,0.0,0.0,0.01440500000001066,7,4096
0,70,0,0.0,0.0,0.009557999999998401,7,4096
0,60,0,0.0,0.0,0.007231999999987693,7,4096
0,50,0,0.0,0.0,0.00733700000000681,7,4096
0,80,0,0.0,0.0,0.010231999999973596,7,4096
0,70,0,0.0,0.0,0.00809699999999225,6,4096
0,60,0,0.0,0.0,0.007538999999979978,6,4096
0,50,0,0.0,0.0,0.0064940000000035525,5,4096
0,80,0,0.0,0.0,0.010041999999998552,7,4096
0,70,0,0.0,0.0,0.008463000000006105,7,4096
0,60,0,0.0,0.0,0.008155000000016344,6,4096
0,50,0,0.0,0.0,0.006236999999998716,6,4096
0,80,0,0.0,0.0,0.008694999999988795,4,4096
0,70,0,0.0,0.0,0.011065999999999576,4,4096
0,60,0,0.0,0.0,0.006279999999975416,4,4096
0,50,0,0.0,0.0,0.00637499999999136,4,4096
0,80,0,0.0,0.0,0.010605999999995674,7,4096
0,70,0,0.0,0.0,0.008333999999990738,7,4096
0,60,0,0.0,0.0,0.007130000000017844,7,4096
0,50,0,0.0,0.0,0.007847999999995636,6,4096
0,80,0,0.0,0.0,0.009354999999999336,6,4096
0,70,0,0.0,0.0,0.007501999999988129,6,4096
0,60,0,0.0,0.0,0.0065590000000099735,5,4096
0,50,0,0.0,0.0,0.007442999999994981,5,4096
0,80,0,0.0,0.0,0.010094000000009373,7,4096
0,70,0,0.0,0.0,0.008705999999989444,6,4096
0,60,0,0.0,0.0,0.007091000000002623,6,4096
0,50,0,0.0,0.0,0.007847999999995636,6,4096
0,80,0,0.0,0.0,0.01229399999999714,8,4096
0,70,0,0.0,0.0,0.007915999999994483,7,4096
0,60,0,0.0,0.0,0.006484999999997854,6,4096
0,50,0,0.0,0.0,0.011300000000005639,9,4096
0,80,0,0.0,0.0,0.010127000000011321,7,4096
0,70,0,0.0,0.0,0.012805000000014388,7,4096
0,60,0,0.0,0.0,0.007176999999956024,7,4096
0,50,0,0.0,0.0,0.0070929999999975735,5,4096
0,80,0,0.0,0.0,0.0095929999999953,7,4096
0,70,0,0.0,0.0,0.009251000000006115,6,4096
0,60,0,0.0,0.0,0.006349999999997635,5,4096
0,50,0,0.0,0.0,0.0071259999999711,5,4096
0,80,0,0.0,0.0,0.007374000000027081,5,4096
0,70,0,0.0,0.0,0.007847000000026583,5,4096
0,60,0,0.0,0.0,0.006322000000011485,5,4096
0,50,0,0.0,0.0,0.006977000000006228,5,4096
0,80,0,0.0,0.0,0.009526999999991403,6,4096
0,70,0,0.0,0.0,0.011932000000001608,7,4096
0,60,0,0.0,0.0,0.0072499999999990905,7,4096
0,50,0,0.0,0.0,0.0080340000000092,6,4096
0,80,0,0.0,0.0,0.008613000000025295,5,4096
0,70,0,0.0,0.0,0.009067000000015923,6,4096
0,60,0,0.0,0.0,0.008043000000043321,5,4096
0,50,0,0.0,0.0,0.008445999999992182,5,4096
0,80,0,0.0,0.0,0.007630000000006021,5,4096
0,70,0,0.0,0.0,0.008912000000009357,5,4096
0,60,0,0.0,0.0,0.005951000000038675,6,4096
0,50,0,0.0,0.0,0.007048999999994976,6,4096
0,80,0,0.0,0.0,0.014149999999972351,5,4096
0,70,0,0.0,0.0,0.007267000000013013,5,4096
0,60,0,0.0,0.0,0.006001999999966756,5,4096
0,50,0,0.0,0.0,0.008138999999971475,7,4096
0,80,0,0.0,0.0,0.008468999999990956,5,4096
0,70,0,0.0,0.0,0.006227999999964595,5,4096
0,60,0,0.0,0.0,0.006276000000013937,5,4096
0,50,0,0.0,0.0,0.007769999999993615,5,4096
0,80,0,0.0,0.0,0.009316000000012536,7,4096
0,70,0,0.0,0.0,0.007878000000005159,6,4096
0,60,0,0.0,0.0,0.006801999999993313,6,4096
0,50,0,0.0,0.0,0.009225000000014916,6,4096
0,80,0,0.0,0.0,0.010797999999965668,7,4096
0,70,0,0.0,0.0,0.009406999999953314,7,4096
0,60,0,0.0,0.0,0.008181999999976597,7,4096
0,50,0,0.0,0.0,0.00858400000004167,7,4096
0,80,0,0.0,0.0,0.009012000000041098,5,4096
0,70,0,0.0,0.0,0.00802499999997508,4,4096
0,60,0,0.0,0.0,0.008191000000010717,8,4096
0,50,0,0.0,0.0,0.008425999999985834,7,4096
0,80,0,0.0,0.0,0.010107000000004973,6,4096
0,70,0,0.0,0.0,0.01125000000001819,6,4096
0,60,0,0.0,0.0,0.007270000000005439,6,4096
0,50,0,0.0,0.0,0.0071500000000241926,5,4096
0,80,0,0.0,0.0,0.010902999999984786,7,4096
0,70,0,0.0,0.0,0.008649999999988722,7,4096
0,60,0,0.0,0.0,0.007604000000014821,7,4096
0,50,0,0.0,0.0,0.008301000000017211,8,4096
0,80,0,0.0,0.0,0.009798000000046159,6,4096
0,70,0,0.0,0.0,0.007492999999954009,6,4096
0,60,0,0.0,0.0,0.006233000000008815,5,4096
0,50,0,0.0,0.0,0.0076949999999555985,5,4096
0,80,0,0.0,0.0,0.008552000000008775,5,4096
0,70,0,0.0,0.0,0.007686000000035165,5,4096
0,60,0,0.0,0.0,0.007321999999987838,5,4096
0,50,0,0.0,0.0,0.00698299999999108,5,4096
0,80,0,0.0,0.0,0.010135999999988599,6,4096
0,70,0,0.0,0.0,0.0072959999999966385,6,4096
0,60,0,0.0,0.0,0.0069320000000061555,6,4096
0,50,0,0.0,0.0,0.00968000000000302,6,4096
0,80,0,0.0,0.0,0.010037000000011176,7,4096
0,70,0,0.0,0.0,0.008761999999990167,7,4096
0,60,0,0.0,0.0,0.008240000000000691,8,4096
0,50,0,0.0,0.0,0.008571000000017648,7,4096
0,80,0,0.0,0.0,0.009588000000007924,7,4096
0,70,0,0.0,0.0,0.007595000000037544,5,4096
0,60,0,0.0,0.0,0.0061249999999972715,5,4096
0,50,0,0.0,0.0,0.007005999999989854,5,4096
0,80,0,0.0,0.0,0.008577999999999975,5,4096
0,70,0,0.0,0.0,0.007109999999954653,4,4096
0,60,0,0.0,0.0,0.006779999999992015,4,4096
0,50,0,0.0,0.0,0.006940999999983433,4,4096
0,80,0,0.0,0.0,0.007090000000005148,5,4096
0,70,0,0.0,0.0,0.0070850000000177715,5,4096
0,60,0,0.0,0.0,0.004974000000004253,4,4096
0,50,0,0.0,0.0,0.007710999999972046,3,4096
0,80,0,0.0,0.0,0.009566000000006625,7,4096
0,70,0,0.0,0.0,0.008343000000024858,7,4096
0,60,0,0.0,0.0,0.006934999999998581,6,4096
0,50,0,0.0,0.0,0.007037999999965905,6,4096
0,80,0,0.0,0.0,0.009139000000004671,6,4096
0,70,0,0.0,0.0,0.00760000000002492,6,4096
0,60,0,0.0,0.0,0.006756999999993241,6,4096
0,50,0,0.0,0.0,0.007139999999992597,5,4096
0,80,0,0.0,0.0,0.03172399999999698,7,8192
0,70,0,0.0,0.0,0.021365000000002965,5,8192
0,60,0,0.0,0.0,0.01645000000002028,5,8192
0,50,0,0.0,0.0,0.016743999999960124,5,8192
0,80,0,0.0,0.0,0.028411000000005515,7,8192
0,70,0,0.0,0.0,0.020431000000030508,7,8192
0,60,0,0.0,0.0,0.022453000000041357,7,8192
0,50,0,0.0,0.0,0.02183100000002014,7,8192
0,80,0,0.0,0.0,0.028991000000019085,6,8192
0,70,0,0.0,0.0,0.022941000000002987,5,8192
0,60,0,0.0,0.0,0.01829200000003084,5,8192
0,50,0,0.0,0.0,0.015011000000015429,5,8192
0,80,0,0.0,0.0,0.02602799999999661,6,8192
0,70,0,0.0,0.0,0.023555999999985033,6,8192
0,60,0,0.0,0.0,0.020305000000007567,6,8192
0,50,0,0.0,0.0,0.01896900000002688,6,8192
0,80,0,0.0,0.0,0.03070500000001175,9,8192
0,70,0,0.0,0.0,0.029021999999940817,10,8192
0,60,0,0.0,0.0,0.02484500000002754,9,8192
0,50,0,0.0,0.0,0.022849000000064734,9,8192
0,80,0,0.0,0.0,0.032858000000032916,11,8192
0,70,0,0.0,0.0,0.027530999999953565,9,8192
0,60,0,0.0,0.0,0.02004799999997431,7,8192
0,50,0,0.0,0.0,0.0202279999999746,7,8192
0,80,0,0.0,0.0,0.027734000000009473,6,8192
0,70,0,0.0,0.0,0.02182299999992665,6,8192
0,60,0,0.0,0.0,0.0207189999999855,6,8192
0,50,0,0.0,0.0,0.016897999999969215,6,8192
0,80,0,0.0,0.0,0.03414999999995416,11,8192
0,70,0,0.0,0.0,0.02990599999998267,11,8192
0,60,0,0.0,0.0,0.027864000000022315,11,8192
0,50,0,0.0,0.0,0.027095000000031177,10,8192
0,80,0,0.0,0.0,0.02638200000001234,6,8192
0,70,0,0.0,0.0,0.02163200000006782,7,8192
0,60,0,0.0,0.0,0.015687999999954627,5,8192
0,50,0,0.0,0.0,0.016556000000036875,5,8192
0,80,0,0.0,0.0,0.025146999999947184,5,8192
0,70,0,0.0,0.0,0.019092000000000553,5,8192
0,60,0,0.0,0.0,0.01575300000001789,4,8192
0,50,0,0.0,0.0,0.014780999999970845,4,8192
0,80,0,0.0,0.0,0.028491999999914697,8,8192
0,70,0,0.0,0.0,0.020623999999997977,6,8192
0,60,0,0.0,0.0,0.01922700000000077,6,8192
0,50,0,0.0,0.0,0.018832000000088556,7,8192
0,80,0,0.0,0.0,0.027184000000033848,7,8192
0,70,0,0.0,0.0,0.0237449999999626,7,8192
0,60,0,0.0,0.0,0.024547999999981585,7,8192
0,50,0,0.0,0.0,0.02059600000006867,7,8192
0,80,0,0.0,0.0,0.02984300000002804,9,8192
0,70,0,0.0,0.0,0.027332000000001244,8,8192
0,60,0,0.0,0.0,0.02084300000001349,7,8192
0,50,0,0.0,0.0,0.018739999999979773,7,8192
0,80,0,0.0,0.0,0.027259000000071865,7,8192
0,70,0,0.0,0.0,0.023754999999937354,6,8192
0,60,0,0.0,0.0,0.020025000000032378,6,8192
0,50,0,0.0,0.0,0.021416000000044733,7,8192
0,80,0,0.0,0.0,0.0328269999999975,10,8192
0,70,0,0.0,0.0,0.0284630000001016,9,8192
0,60,0,0.0,0.0,0.021003999999948064,8,8192
0,50,0,0.0,0.0,0.020851999999990767,7,8192
0,80,0,0.0,0.0,0.03537400000004709,10,8192
0,70,0,0.0,0.0,0.02772699999991346,8,8192
0,60,0,0.0,0.0,0.020823000000063985,7,8192
0,50,0,0.0,0.0,0.019444000000021333,8,8192
0,80,0,0.0,0.0,0.029036000000019158,6,8192
0,70,0,0.0,0.0,0.021937999999977364,6,8192
0,60,0,0.0,0.0,0.01961899999992056,6,8192
0,50,0,0.0,0.0,0.01789300000007188,6,8192
0,80,0,0.0,0.0,0.022749999999973625,5,8192
0,70,0,0.0,0.0,0.021594000000050073,5,8192
0,60,0,0.0,0.0,0.019533000000024003,6,8192
0,50,0,0.0,0.0,0.019359000000008564,7,8192
0,80,0,0.0,0.0,0.023464999999987413,5,8192
0,70,0,0.0,0.0,0.021483999999986736,5,8192
0,60,0,0.0,0.0,0.01774399999999332,5,8192
0,50,0,0.0,0.0,0.01957900000002155,7,8192
0,80,0,0.0,0.0,0.024823999999966873,6,8192
0,70,0,0.0,0.0,0.022777000000019143,6,8192
0,60,0,0.0,0.0,0.019166999999924883,6,8192
0,50,0,0.0,0.0,0.017090000000052896,7,8192
0,80,0,0.0,0.0,0.018519000000082997,4,8192
0,70,0,0.0,0.0,0.020394000000010237,5,8192
0,60,0,0.0,0.0,0.022982000000070002,8,8192
0,50,0,0.0,0.0,0.021895999999969717,8,8192
0,80,0,0.0,0.0,0.029355000000009568,7,8192
0,70,0,0.0,0.0,0.024232999999981075,7,8192
0,60,0,0.0,0.0,0.021900000000073305,7,8192
0,50,0,0.0,0.0,0.020272999999974672,7,8192
0,80,0,0.0,0.0,0.026796999999987747,7,8192
0,70,0,0.0,0.0,0.025105000000053224,8,8192
0,60,0,0.0,0.0,0.022124999999959982,7,8192
0,50,0,0.0,0.0,0.018389000000070155,6,8192
0,80,0,0.0,0.0,0.02675899999997,7,8192
0,70,0,0.0,0.0,0.02500699999995959,7,8192
0,60,0,0.0,0.0,0.01917399999990721,6,8192
0,50,0,0.0,0.0,0.016454000000067026,5,8192
0,80,0,0.0,0.0,0.026428000000009888,7,8192
0,70,0,0.0,0.0,0.02575000000001637,7,8192
0,60,0,0.0,0.0,0.020377999999936947,7,8192
0,50,0,0.0,0.0,0.022154999999997926,8,8192
0,80,0,0.0,0.0,0.028774999999995998,7,8192
0,70,0,0.0,0.0,0.024804000000017368,8,8192
0,60,0,0.0,0.0,0.020334999999931824,7,8192
0,50,0,0.0,0.0,0.019649000000072192,7,8192
0,80,0,0.0,0.0,0.028014999999982138,6,8192
0,70,0,0.0,0.0,0.02197799999999006,5,8192
0,60,0,0.0,0.0,0.019609000000059496,5,8192
0,50,0,0.0,0.0,0.016568000000006577,5,8192
0,80,0,0.0,0.0,0.02738299999998617,7,8192
0,70,0,0.0,0.0,0.023376999999982218,7,8192
0,60,0,0.0,0.0,0.020276999999964573,7,8192
0,50,0,0.0,0.0,0.021135999999955857,7,8192
0,80,0,0.0,0.0,0.030911999999943873,9,8192
0,70,0,0.0,0.0,0.024502999999981512,7,8192
0,60,0,0.0,0.0,0.018747999999959575,7,8192
0,50,0,0.0,0.0,0.026306999999974323,10,8192
0,80,0,0.0,0.0,0.03247499999997672,8,8192
0,70,0,0.0,0.0,0.028369999999995343,8,8192
0,60,0,0.0,0.0,0.020354999999995016,7,8192
0,50,0,0.0,0.0,0.02197400000000016,7,8192
